Recency,Frequency,Monetary
15,2,902.74
91,7,878.99
40,4,2070.6
28,8,267.09
6,7,625.29
6,4,275.6
2,4,1948.27
61,3,274.15
28,5,415.3
37,6,279.28
1,7,551.76
106,6,914.83
54,2,885.02
8,9,347.69
7,9,591.71
7,4,1653.88
11,7,850.74
23,5,2510.02
17,4,1540.16
11,8,1310.47
29,4,703.63
5,5,732.09
11,8,1690.66
14,5,688.85
19,7,791.28
47,6,652.68
7,12,734.58
22,4,181.0
27,5,582.35
2,3,2024.25
29,4,150.25
6,1,598.05
3,6,1016.36
90,6,794.87
102,3,70.27
50,4,648.95
11,7,345.58
4,4,422.61
35,5,748.45
18,6,1236.09
4,3,551.79
21,5,531.48
2,5,1118.73
73,7,1104.61
9,4,281.06
33,4,3394.64
12,6,1284.02
23,5,822.58
24,6,377.72
7,7,835.75
105,6,546.34
45,2,1147.11
85,6,1299.1
68,5,587.78
28,1,1196.52
77,6,147.99
3,4,1150.5
7,5,1249.5
2,5,1059.75
12,7,2453.9
15,6,468.53
10,3,647.28
53,3,343.94
14,5,199.45
10,7,370.29
24,6,396.03
5,6,672.03
49,7,899.13
3,5,143.8
131,4,1793.68
45,4,657.59
7,6,289.46
1,5,1021.57
51,5,1288.6
37,4,660.64
40,4,181.05
45,2,218.87
3,3,2109.45
14,8,529.38
4,3,1540.69
60,5,657.76
30,4,77.33
13,4,1133.2
2,8,1458.03
12,4,1325.64
12,3,836.84
40,2,752.94
31,5,1750.69
66,3,934.85
20,5,1012.23
4,8,552.37
38,5,226.67
43,6,293.19
25,9,984.03
45,5,1086.02
21,4,2208.57
23,8,514.62
17,5,1523.42
1,6,281.96
4,9,711.19
1,5,540.07
31,4,947.55
12,2,193.72
22,2,523.66
72,9,603.32
9,6,574.22
16,4,715.57
43,6,2889.2
8,5,131.41
3,4,1513.4
11,2,327.27
6,6,1082.04
80,4,98.28
50,5,460.45
31,10,1023.84
62,8,966.39
49,6,588.46
7,5,838.35
67,2,776.65
24,8,1855.15
50,3,572.48
68,8,291.61
12,5,1176.99
4,7,1367.47
8,6,320.23
17,7,1492.23
52,7,968.96
60,3,953.65
1,6,1276.14
22,6,545.36
17,8,403.32
8,4,373.7
4,3,938.82
13,6,1785.08
86,8,990.4
12,5,928.39
22,6,464.15
37,5,802.28
14,7,1389.03
108,3,1482.21
99,6,806.92
9,4,500.01
21,7,459.09
11,5,1259.11
11,5,1610.01
2,8,624.99
29,2,359.92
21,3,850.51
2,6,843.29
10,3,1083.05
72,6,938.08
9,5,809.62
5,1,465.65
21,4,1669.2
128,4,243.03
9,2,717.56
34,4,428.03
44,6,1606.32
9,7,833.68
40,3,95.96
14,4,746.8
31,5,656.61
31,5,1339.39
24,5,771.6
3,6,964.97
55,1,2667.25
12,4,1886.72
7,6,697.91
2,7,1190.75
27,9,429.06
34,4,842.94
1,5,778.68
22,4,301.9
8,5,682.61
32,5,684.98
6,6,719.76
36,4,597.86
15,3,550.45
83,6,1628.43
5,7,1029.04
13,2,798.78
4,7,407.59
78,7,1449.89
63,6,1618.44
9,4,145.89
33,4,129.66
51,5,541.32
25,4,618.74
23,4,355.02
9,2,364.92
3,7,86.94
69,6,1743.55
70,7,645.3
31,5,903.84
13,7,776.95
13,6,404.58
39,4,603.59
69,5,2061.49
66,3,427.52
46,2,520.31
31,6,1032.25
3,4,140.87
6,8,668.22
69,9,510.96
28,8,496.49
1,7,238.52
4,1,371.63
33,4,621.21
1,3,308.92
6,7,551.72
24,7,588.11
36,8,276.39
32,3,733.85
8,8,758.56
38,2,509.67
9,4,807.54
12,4,1440.49
42,3,409.23
32,3,576.84
57,2,1001.99
33,4,1775.79
26,8,440.53
3,8,667.27
14,3,153.37
10,1,1077.18
9,4,1136.01
109,7,686.24
15,10,223.3
67,3,2107.57
30,3,848.24
48,5,925.64
21,5,1197.97
26,3,1431.83
21,7,269.06
7,5,1010.49
39,3,242.29
10,7,998.28
1,4,982.8
32,4,773.69
6,4,681.85
85,6,231.56
93,3,1721.92
74,7,3274.86
14,4,2653.82
1,4,1221.76
80,2,714.03
17,5,1260.56
103,8,1173.75
100,5,513.68
58,2,297.55
11,2,433.44
15,3,284.96
58,5,485.26
12,9,2253.32
6,4,798.28
25,5,1105.26
83,4,2150.41
36,5,603.41
26,3,952.09
4,5,1304.45
29,4,100.01
139,8,817.88
5,4,611.55
22,6,649.53
63,4,380.61
41,1,117.89
36,7,1673.97
37,8,451.38
14,6,720.23
11,5,561.44
50,2,895.85
50,9,757.5
61,5,2159.97
74,1,373.07
22,4,411.51
21,4,238.01
49,4,393.14
32,4,1129.91
37,4,260.55
48,6,2085.68
67,10,1070.3
13,5,901.0
15,2,457.02
3,2,1847.84
26,4,795.33
2,3,639.65
19,4,745.09
24,2,439.35
11,6,1018.64
27,5,609.25
1,11,515.57
2,5,1247.78
52,4,518.34
14,6,1858.94
5,3,900.84
23,4,1871.59
45,5,573.83
8,3,863.01
30,2,276.66
3,6,605.66
2,7,796.37
23,8,388.46
24,3,851.11
31,6,713.4
39,6,299.22
112,8,330.8
22,6,1785.1
12,5,343.25
48,8,626.4
10,10,3045.66
18,4,295.83
3,6,840.83
1,4,1991.4
99,2,1208.47
55,6,1227.69
36,4,1642.78
16,5,1043.91
6,7,590.25
6,4,874.87
9,5,866.1
24,9,652.39
38,7,140.72
33,3,483.75
10,4,1486.68
93,7,366.0
41,2,1477.68
25,3,426.59
29,5,972.39
17,1,502.05
9,3,498.18
14,5,241.27
43,8,1138.13
1,4,437.66
4,4,344.88
2,4,448.49
2,7,594.56
59,6,409.78
37,5,655.91
20,3,1310.91
4,6,692.21
21,7,1074.98
20,3,2142.39
6,5,356.57
18,3,1393.48
16,4,721.87
29,7,1171.39
31,4,618.68
2,2,909.81
15,4,448.06
30,8,475.58
21,7,419.89
59,2,496.66
33,4,395.57
6,8,508.14
3,5,2543.08
31,4,798.89
1,1,1131.69
27,7,460.36
85,5,289.18
26,7,770.02
15,7,652.65
31,3,1583.13
19,6,490.31
24,5,1361.84
86,7,1187.76
15,5,75.82
98,5,201.56
71,3,298.15
7,6,1414.0
3,6,318.24
4,4,1057.69
1,5,565.04
3,6,509.66
35,7,920.95
3,6,423.37
12,8,587.57
56,6,525.77
1,3,2499.87
51,8,129.44
10,2,375.61
4,6,1477.03
36,7,1338.91
30,5,903.26
63,5,295.51
40,5,2278.5
49,1,466.34
10,7,770.04
6,4,297.28
42,4,356.72
50,6,1634.99
140,6,2951.16
16,4,88.17
14,3,859.53
45,4,431.65
13,4,442.9
81,5,703.19
59,2,1211.23
17,7,1568.77
42,7,335.89
43,6,1003.96
4,6,966.93
70,4,387.52
22,2,539.16
53,1,114.27
12,4,552.71
68,2,784.8
15,5,1070.69
1,2,1153.74
71,5,364.51
3,6,472.05
12,8,174.39
90,8,506.37
91,5,602.49
26,4,783.56
30,4,838.99
18,6,768.58
11,8,161.17
12,3,1826.36
34,6,661.57
42,8,975.19
48,5,1123.28
47,3,662.84
3,6,314.23
21,6,844.73
2,4,259.34
24,9,551.3
18,3,1773.41
66,5,395.78
13,5,493.39
4,7,570.31
5,5,1140.38
44,2,1043.22
29,3,582.48
4,7,1854.37
3,6,949.01
37,9,655.23
3,5,1011.52
52,5,772.02
37,5,861.78
3,4,153.89
3,4,450.92
130,8,1374.69
15,4,463.69
14,4,316.23
51,7,754.43
89,4,443.55
129,4,900.26
42,3,253.38
15,6,1071.59
3,6,1011.01
46,7,847.62
25,4,1641.75
17,7,290.98
72,3,585.21
4,5,699.98
21,10,440.19
1,5,319.25
19,5,1020.52
2,2,236.98
4,1,200.34
4,5,1335.66
32,3,958.74
42,5,825.59
27,3,1616.34
99,4,2357.23
15,5,1578.42
11,5,461.41
61,5,1929.62
8,5,517.67
100,5,400.47
1,7,620.76
106,6,1147.58
2,5,530.57
67,7,500.87
23,3,1817.48
149,7,1149.31
3,5,970.14
25,3,1063.32
105,11,479.87
23,5,367.22
30,6,404.26
36,7,2077.36
19,6,1050.71
30,3,604.83
27,2,1054.09
70,5,988.94
2,5,737.76
10,8,785.33
91,3,350.98
67,2,914.51
19,7,950.02
30,4,630.38
10,2,930.69
7,4,583.4
19,5,546.73
14,2,962.76
27,4,793.35
3,6,344.77
110,2,255.88
129,3,1161.52
36,6,485.87
24,8,587.9
12,7,980.92
51,2,652.73
35,3,1345.48
6,3,619.89
73,3,1120.97
52,9,1526.14
90,8,101.57
39,3,159.52
29,3,515.25
17,5,321.18
81,8,863.17
61,9,541.72
2,4,145.06
1,5,743.75
15,3,1708.15
50,4,231.44
131,4,621.16
5,8,155.43
28,3,2441.99
15,7,784.85
106,3,490.51
56,3,777.07
55,4,371.01
19,8,436.67
17,4,814.61
10,3,445.9
2,7,449.96
61,1,757.67
51,3,200.31
246,4,1227.16
171,4,2063.29
25,2,344.11
44,5,755.33
87,6,1242.38
57,4,631.94
9,2,1035.5
18,5,172.98
5,6,118.25
93,6,882.15
28,1,441.43
8,8,723.96
34,5,791.08
29,2,1087.75
14,9,284.45
4,4,1821.79
34,2,810.89
23,3,779.52
45,8,613.26
23,5,555.68
58,5,1432.23
25,4,2403.07
25,3,1337.81
63,6,938.09
16,3,768.96
5,5,2803.68
1,7,1558.78
43,4,1874.59
30,6,1058.52
37,4,2592.2
8,5,617.72
5,3,926.24
1,9,1362.13
13,5,493.4
27,6,1193.53
15,4,355.44
18,5,490.43
71,7,607.21
13,4,1664.75
22,6,190.82
46,7,822.25
16,5,1265.4
30,4,662.18
60,6,3139.8
90,3,1462.07
5,8,830.79
79,5,2049.04
21,4,1010.15
9,3,575.22
19,3,207.28
118,3,780.09
21,1,962.72
12,6,1440.23
31,5,1578.14
9,2,1056.08
3,4,722.38
5,10,376.81
5,4,1980.57
5,6,140.11
5,8,1831.03
31,7,1164.19
7,5,1531.62
13,5,875.94
69,7,733.99
20,4,719.29
34,3,993.21
6,5,976.81
7,1,1155.99
2,6,652.93
6,4,264.1
10,6,828.72
6,5,457.18
3,2,490.22
4,10,954.69
19,5,710.64
7,3,575.99
14,7,395.11
22,6,272.79
36,7,480.12
2,7,1259.81
49,6,463.35
30,3,1511.87
3,3,1652.82
63,5,132.01
77,5,1726.08
2,9,1390.66
10,4,578.65
50,3,1354.66
42,1,955.97
7,6,929.67
8,4,1367.14
14,4,221.16
20,2,683.03
29,4,799.81
14,5,1056.69
19,4,1269.61
42,1,649.75
2,2,1149.65
9,6,714.44
38,4,556.64
68,2,978.62
22,9,2218.48
23,9,751.63
4,2,388.14
18,6,2573.88
23,3,3001.92
9,8,389.03
10,2,765.66
15,4,488.75
1,8,804.69
12,7,691.69
8,3,985.48
12,4,745.86
4,5,651.62
67,4,948.97
28,5,364.69
35,3,2867.43
47,5,2409.01
21,4,677.64
3,7,1056.14
24,8,1136.56
27,4,1188.53
42,5,973.86
17,3,401.34
5,3,1024.99
11,5,1326.41
14,2,929.7
32,5,1182.69
26,4,836.71
14,12,2200.07
130,4,495.75
28,5,967.15
9,11,1650.16
4,6,946.52
5,4,2253.51
9,4,239.19
6,4,1071.89
7,4,530.7
11,4,446.38
6,2,375.8
69,5,2109.53
3,7,905.22
23,4,2404.6
16,5,352.03
122,4,774.2
4,5,425.05
16,5,2199.2
105,7,1174.02
61,4,785.86
51,7,1671.76
9,4,1043.95
6,1,106.03
34,7,302.17
80,5,1071.21
25,8,319.86
26,5,590.66
10,8,364.81
45,2,1480.32
7,3,400.01
12,2,830.76
17,5,1053.24
22,8,635.93
9,3,852.04
4,3,721.22
29,10,2027.99
11,5,1057.15
27,4,171.1
6,10,1831.11
20,3,234.57
23,4,1725.22
2,4,1086.22
13,3,543.24
5,3,450.62
2,7,273.83
139,2,243.38
12,11,1436.71
50,5,690.57
9,5,772.67
35,5,434.17
43,2,378.14
28,7,733.36
20,4,299.97
16,3,458.37
13,3,583.77
80,3,470.23
54,7,1331.61
101,11,114.53
4,4,1577.92
40,5,2060.37
84,4,384.01
6,5,640.59
3,3,712.04
41,10,910.62
26,7,2544.14
56,4,2456.28
5,5,295.85
48,3,525.82
7,4,2565.35
6,6,413.68
6,3,196.46
51,5,585.42
33,3,1507.05
23,6,590.88
14,4,334.25
63,5,625.79
15,6,1870.88
51,2,1040.06
18,4,385.63
15,4,747.45
19,3,220.05
11,6,384.0
42,3,296.04
21,7,604.38
8,3,887.62
69,4,643.59
15,7,178.53
24,7,1602.16
72,3,335.01
30,4,265.03
4,4,586.82
85,7,1054.34
30,1,1028.72
13,2,714.76
5,8,776.91
48,7,873.54
30,3,295.14
23,8,1063.4
68,3,447.47
47,8,975.03
5,5,219.16
12,3,221.06
9,7,323.23
41,4,497.6
2,5,339.08
26,2,1440.29
44,4,1392.44
63,5,760.85
13,4,1812.0
52,3,682.56
4,6,319.39
57,2,585.54
5,3,441.12
16,2,1950.08
48,7,953.72
5,2,1611.6
8,3,318.95
39,7,558.11
39,4,334.1
31,3,1961.0
36,4,542.1
24,3,124.52
9,9,2035.89
13,14,641.94
7,4,258.54
72,7,793.56
27,1,681.41
16,5,1516.16
19,4,2335.72
89,2,1551.33
5,4,367.72
27,4,492.63
22,7,362.9
29,7,1729.32
1,4,978.38
62,5,935.95
81,8,272.96
25,4,836.71
36,7,1271.45
77,5,536.05
37,6,176.55
5,3,237.79
26,7,1964.56
28,7,1848.17
17,3,2175.99
41,3,1498.98
82,3,454.75
78,5,1606.06
18,6,502.25
4,4,648.79
126,2,1114.37
55,7,617.65
4,3,460.28
77,8,678.37
62,6,1495.57
22,4,497.91
27,4,460.56
16,5,494.45
2,5,233.13
13,4,280.39
49,6,348.36
1,4,544.25
13,7,979.6
16,6,179.49
24,5,1103.83
76,3,1957.47
13,6,374.47
13,6,933.39
41,7,298.97
19,4,696.54
8,9,765.99
19,7,1251.48
5,6,3000.9
6,5,609.37
21,5,681.1
17,10,714.02
74,6,804.73
14,9,855.32
27,4,586.75
31,6,2328.28
1,3,705.38
33,6,416.96
6,4,666.65
98,6,740.32
5,5,737.54
17,5,775.95
3,7,1491.85
174,3,2251.34
21,4,1008.37
28,6,1590.17
3,8,775.91
42,4,781.73
8,2,461.1
69,4,1447.79
7,6,2422.32
7,5,1887.77
2,6,1114.52
20,3,906.48
25,3,907.05
3,6,1661.09
45,5,629.21
19,4,309.15
23,11,701.15
18,6,344.53
16,5,735.54
25,5,356.99
6,7,1180.46
7,5,539.8
60,2,528.01
88,3,1030.17
15,4,381.05
10,8,395.64
31,5,701.82
16,4,1338.48
1,10,171.68
6,6,1259.1
38,4,608.29
33,4,857.1
1,4,1004.84
8,6,273.73
8,4,1161.69
34,6,2302.42
1,6,622.49
4,3,902.96
49,3,942.37
6,3,236.84
32,2,1491.58
9,5,226.14
4,2,1012.5
9,5,711.31
39,9,1104.28
59,4,257.95
54,4,511.05
16,4,161.51
34,6,485.5
7,4,477.47
11,5,615.11
68,9,1433.19
1,6,1175.52
3,6,114.86
7,2,523.31
1,6,269.51
7,8,163.83
27,8,679.58
17,3,406.52
67,4,1314.28
52,3,1178.55
13,4,750.06
10,8,902.37
15,4,1863.12
27,5,778.37
10,5,867.68
30,8,725.95
16,2,788.15
25,5,286.31
18,5,1008.46
11,6,544.08
89,2,1452.62
44,2,314.28
5,3,561.16
61,2,327.7
21,5,246.6
68,3,883.1
49,2,1231.93
17,4,990.2
1,3,587.84
10,3,504.63
24,5,178.49
31,6,280.42
9,2,799.95
5,2,233.4
55,5,583.39
125,6,2324.39
23,5,729.18
6,3,498.71
10,4,1292.5
1,8,2019.06
74,3,1906.25
4,7,767.62
26,10,1371.26
10,5,751.71
25,5,406.25
32,3,164.86
54,4,413.17
7,5,457.89
1,4,506.89
5,3,322.57
70,2,563.77
63,5,420.82
28,4,1427.32
28,5,562.11
33,5,983.18
6,5,418.75
74,5,994.02
17,5,854.92
15,6,650.82
22,2,379.69
2,7,224.29
6,3,530.97
41,3,955.7
3,6,1525.82
28,5,511.72
9,7,216.6
15,8,1028.29
11,4,648.85
14,1,467.46
39,6,959.76
11,11,650.89
26,10,730.22
20,6,1580.5
33,6,486.79
83,4,625.48
40,3,1744.53
8,6,1147.2
1,5,1263.07
10,5,1333.66
28,4,431.9
2,3,719.03
21,4,352.47
28,7,1320.2
13,9,630.53
45,3,885.22
4,3,1064.82
3,3,123.47
40,5,815.25
21,4,1802.8
35,5,1434.87
18,6,1052.73
9,7,916.79
52,6,561.37
49,6,496.64
36,6,906.63
10,5,375.5
27,4,301.91
14,5,2098.29
3,8,1382.8
75,4,910.97
5,6,590.6
91,5,469.56
18,5,690.46
7,3,898.1
24,5,657.29
62,7,268.9
40,4,691.2
50,5,169.94
33,8,1266.66
36,5,1011.67
57,5,1310.32
9,5,307.25
21,7,918.31
8,6,504.47
132,3,1039.54
87,2,993.28
2,6,1587.8
37,4,992.17
78,4,530.12
6,7,623.16
26,4,2343.91
75,3,1433.38
2,4,1384.98
36,3,628.32
11,8,1713.83
78,4,1837.06
107,6,95.14
87,6,668.29
20,5,335.6
60,4,243.06
56,3,640.96
12,4,860.98
53,4,820.68
2,6,1499.42
28,8,2290.93
8,8,1250.56
4,8,2737.77
3,6,1067.89
36,5,1343.88
13,7,777.37
39,3,387.88
3,5,2351.64
12,5,280.96
24,4,1016.02
47,3,382.79
12,4,956.21
30,8,1802.16
66,2,168.97
29,1,571.9
8,6,636.37
1,5,1521.1
62,7,842.37
1,3,575.64
63,4,1360.41
23,5,801.69
84,2,417.23
49,2,255.31
186,5,411.82
13,4,295.74
44,6,818.26
16,5,1037.06
20,8,907.05
30,4,155.1
63,2,2281.74
125,7,1247.25
44,2,700.09
17,3,792.09
17,2,1819.51
41,5,637.04
9,3,464.67
4,6,757.19
14,4,909.53
11,5,875.1
11,7,831.87
8,4,530.73
2,3,1047.01
1,4,779.37
132,5,581.61
17,4,2148.25
15,5,291.28
35,5,306.11
8,4,1196.74
90,3,345.39
47,6,1025.54
3,7,1767.88
17,6,1901.08
64,5,584.38
87,3,590.17
19,5,733.66
29,6,136.12
6,2,185.46
142,6,249.17
8,2,540.07
86,2,575.12
32,4,524.15
29,5,571.49
22,7,1637.93
8,2,1312.75
6,4,689.71
8,4,537.1
7,6,640.37
46,9,1213.71
13,2,352.21
2,5,1575.15
105,2,2586.49
65,3,2102.58
79,2,581.82
159,4,408.85
6,4,119.89
16,7,644.31
43,3,167.1
36,5,578.69
6,6,437.34
51,6,2353.96
8,8,429.92
8,8,1200.03
24,8,1247.74
27,5,429.59
27,1,155.48
3,2,1239.08
63,4,539.4
10,3,1707.71
5,5,1058.38
66,8,621.26
94,8,793.57
60,8,537.25
50,3,338.57
32,6,1066.54
25,10,1461.44
3,2,1006.18
16,2,1292.67
14,2,578.4
10,3,365.91
39,2,355.06
21,7,897.09
3,3,559.31
8,7,2148.75
35,10,567.18
3,5,4475.07
58,2,1134.43
21,5,122.2
20,3,87.66
27,8,496.03
53,6,1768.47
13,8,822.86
34,6,417.75
26,6,1204.07
10,8,2112.8
64,4,1342.85
48,4,1039.01
33,7,241.34
58,4,498.21
61,7,1061.14
37,5,1149.12
55,7,556.46
36,6,443.41
35,8,176.44
29,6,748.54
42,5,1227.45
6,8,1194.78
64,4,143.18
62,3,1193.23
1,5,1981.51
53,7,694.59
5,6,1326.54
13,3,689.0
41,2,289.75
6,4,484.34
52,9,1084.6
54,8,1249.78
22,4,348.05
1,5,2060.94
11,4,2153.6
29,1,344.13
120,5,1561.07
30,6,1058.52
10,6,570.71
31,4,253.87
24,3,2167.8
46,5,718.64
4,8,177.97
43,1,1901.72
24,9,987.73
99,4,410.25
13,7,784.93
31,3,1344.93
81,2,544.13
4,5,508.33
84,6,437.02
35,1,395.68
3,5,868.86
11,5,128.46
37,3,564.69
3,5,1052.76
27,4,198.52
13,3,1301.21
30,4,1586.85
2,5,1367.49
62,8,1824.33
109,6,780.7
105,8,409.33
42,5,1836.61
5,5,596.59
43,7,480.84
1,5,632.47
1,7,308.45
12,3,464.19
21,6,758.09
45,4,1902.96
35,3,693.88
18,4,1225.35
10,5,384.91
176,2,1775.15
17,6,2866.11
19,7,1934.27
6,2,1346.59
48,3,285.73
36,3,583.53
8,6,147.45
3,5,547.37
35,5,949.16
32,6,1318.8
10,7,664.76
91,6,1171.63
5,5,951.51
17,3,439.55
87,7,394.74
17,3,1338.97
31,5,1032.0
16,5,682.35
10,10,205.38
125,4,1523.92
16,5,386.58
68,7,1088.29
8,2,563.77
8,7,733.52
1,6,1074.33
32,7,122.27
14,5,430.71
60,4,1003.47
20,5,449.43
104,7,2110.31
7,4,1254.83
61,4,597.28
45,7,1166.76
45,5,936.16
56,2,1322.09
43,6,506.42
30,2,113.98
5,5,245.68
1,6,723.27
77,7,982.59
29,2,659.28
48,5,501.24
20,5,1609.92
4,6,448.38
5,4,264.4
35,3,545.39
17,6,839.9
7,8,1666.69
21,4,2492.54
2,6,695.17
27,4,615.83
10,2,1620.74
48,12,548.98
12,5,280.9
19,7,1605.12
1,4,1617.61
3,5,390.75
15,9,812.88
20,6,571.63
28,3,1447.52
11,8,254.6
36,5,829.72
60,2,938.94
46,11,507.12
2,6,2016.52
20,3,518.88
4,4,381.15
9,3,1367.53
130,3,590.99
5,3,187.48
21,6,771.0
29,6,622.92
37,8,1199.51
25,6,124.11
1,5,985.56
12,6,1294.66
22,4,278.02
3,5,1155.29
13,5,856.81
2,7,537.35
3,3,728.41
16,5,322.66
5,5,615.67
26,5,695.23
36,6,616.68
49,3,1460.27
7,7,858.5
6,4,1432.55
4,4,613.44
31,2,1060.48
37,4,836.29
1,4,846.73
83,4,1496.88
2,6,355.58
24,6,885.52
38,10,769.17
62,7,1342.17
38,4,1030.8
49,7,988.96
13,5,813.74
51,4,1423.89
3,5,1652.06
68,11,606.07
24,4,799.99
51,5,2145.74
19,4,301.23
31,8,692.51
23,5,232.73
40,6,933.87
3,5,444.53
2,4,447.22
9,2,243.55
6,5,760.65
62,2,1077.85
8,4,308.99
112,9,252.92
13,4,1019.49
7,7,148.01
47,6,1130.8
33,8,1215.2
21,4,553.88
25,4,489.75
39,10,581.94
8,4,363.7
169,6,476.7
111,6,882.22
32,11,1002.82
7,6,454.17
35,9,419.81
3,11,604.98
1,3,375.85
9,2,851.44
19,8,588.67
61,3,369.75
39,3,322.37
41,4,691.98
17,4,880.01
13,5,1058.22
14,3,1736.67
132,7,432.35
2,4,594.37
61,5,1560.08
26,7,311.34
18,4,409.92
39,8,1174.98
21,3,1421.29
63,4,2057.54
70,7,1899.74
17,3,89.78
10,9,738.48
27,5,956.03
74,5,809.71
8,4,1352.88
30,5,346.9
30,6,710.03
40,10,1217.83
5,3,327.3
38,3,416.21
72,2,928.83
6,7,928.41
9,6,2125.84
107,2,600.21
6,6,563.2
58,5,1400.21
21,2,513.76
9,3,1021.97
62,7,957.34
18,7,1225.21
22,4,1165.98
14,6,1179.64
27,7,904.92
6,2,1177.64
15,7,571.98
105,6,545.38
9,9,1524.91
33,8,1461.09
12,6,836.05
45,4,795.84
5,2,535.9
106,7,1883.65
19,4,127.47
9,2,1907.59
3,6,452.97
6,3,1009.29
23,7,789.31
13,3,893.58
53,5,1898.77
17,3,571.63
9,4,456.11
29,3,658.9
37,4,446.72
6,2,849.48
6,6,944.42
2,2,867.71
40,6,1937.87
33,5,478.08
20,5,3029.09
56,3,879.28
50,6,217.08
27,4,383.17
61,6,1119.2
7,3,1562.16
4,9,889.16
10,8,322.21
2,7,312.89
23,10,978.41
83,5,407.21
2,5,225.23
4,6,1066.04
19,10,513.59
82,3,720.8
12,2,485.43
22,4,1919.67
2,6,319.85
5,5,307.34
130,4,1382.9
101,5,101.7
1,2,2436.01
91,3,957.74
31,3,1291.79
61,6,766.03
19,4,300.95
22,11,1026.1
21,5,1656.89
33,5,358.38
5,5,654.18
1,5,405.41
12,5,1110.14
37,5,995.75
7,7,2222.66
34,2,436.85
106,6,1217.23
3,3,946.07
34,7,1259.73
18,7,435.97
61,3,172.42
6,6,664.2
36,5,722.35
55,3,2124.74
87,6,403.7
35,5,1071.29
21,5,233.91
29,5,513.27
61,5,368.47
26,5,968.33
1,4,702.34
81,4,813.28
36,5,401.52
34,4,158.62
8,5,457.22
33,3,1064.55
16,7,1168.99
32,4,840.99
4,4,1148.49
33,2,350.08
224,3,900.52
2,5,1349.35
114,4,256.68
16,7,481.66
62,5,534.98
46,4,355.2
26,2,229.13
41,6,1582.63
64,5,1041.44
16,4,658.54
12,4,418.68
34,4,235.77
50,5,442.43
44,6,1300.59
48,7,1812.1
18,7,1623.69
52,4,440.35
4,3,280.04
24,2,568.3
1,7,734.03
12,6,821.36
14,4,547.11
16,7,365.51
36,5,1562.52
15,4,968.08
18,7,637.73
9,2,466.43
15,4,411.86
8,4,1943.93
3,6,121.18
28,3,674.39
34,7,1646.78
29,8,831.57
19,5,1305.86
15,4,1228.28
60,5,1368.79
22,3,3347.15
20,7,1250.28
1,2,195.96
13,4,2249.97
15,4,1112.15
16,5,1255.62
27,6,290.26
23,3,655.17
29,10,1772.35
44,7,749.48
51,9,772.32
38,3,1593.27
94,12,136.75
1,10,224.91
7,5,247.09
1,6,740.91
32,6,651.77
69,12,905.55
9,5,199.98
79,3,621.6
2,7,495.49
82,5,1593.84
13,4,334.6
4,3,587.68
20,3,951.03
9,2,461.61
11,4,2315.45
12,3,1223.71
49,3,1030.85
24,8,963.07
12,6,497.68
29,6,117.66
38,7,815.94
10,3,728.16
17,8,441.96
4,4,1465.56
6,1,894.04
35,10,125.51
7,5,764.02
23,5,751.63
38,5,768.26
4,3,238.68
26,3,736.37
9,5,511.13
99,11,385.79
20,6,232.42
50,2,1357.12
24,5,2541.23
2,4,1881.46
31,8,354.85
91,5,1486.57
28,4,606.3
52,4,126.47
65,4,524.74
8,3,765.45
8,2,866.38
29,5,851.29
16,5,296.85
55,6,472.25
70,3,910.2
14,6,434.51
9,2,375.81
46,4,356.64
10,4,230.8
52,6,338.34
17,4,983.56
34,5,540.34
4,6,700.56
30,6,812.87
19,6,330.04
27,5,2541.64
6,4,493.32
41,6,598.86
60,7,408.88
8,9,2152.78
4,6,1961.03
1,3,119.2
31,1,329.88
29,4,524.45
24,4,1280.89
8,10,655.91
15,3,1367.74
28,6,1028.47
21,6,461.75
133,4,2056.73
5,2,125.65
36,5,2532.7
16,4,109.95
17,12,1022.36
38,4,950.92
36,5,328.62
143,3,757.01
5,3,713.15
4,6,1317.89
39,5,1848.94
26,4,592.59
10,5,820.18
3,5,715.31
3,6,335.18
68,3,966.52
7,8,2669.62
12,9,719.29
8,5,120.37
14,6,1090.12
3,2,578.13
22,8,1486.83
3,4,745.99
49,7,586.43
8,3,294.41
24,6,256.14
64,3,666.77
32,5,690.58
23,7,610.47
12,7,331.28
13,7,220.33
34,7,611.34
155,7,1582.56
33,4,869.07
25,5,1573.44
40,5,446.36
19,5,755.8
2,3,836.74
25,5,1848.02
95,5,1016.6
6,6,2261.99
36,7,1000.5
7,6,134.38
24,5,1031.42
4,8,1586.24
18,9,515.59
43,5,1083.56
13,9,862.69
33,7,673.05
48,10,517.73
79,9,418.92
9,2,894.79
16,4,478.31
5,8,1890.65
147,6,1589.4
79,2,150.33
24,9,443.51
56,3,546.0
23,7,186.11
30,2,664.59
3,3,1297.59
43,10,885.98
5,5,280.12
53,2,324.9
46,4,855.01
38,4,1003.26
2,3,793.22
11,3,809.0
10,6,1251.13
14,8,2283.44
3,7,794.06
83,5,785.11
25,8,150.61
11,10,296.16
16,4,1301.76
18,5,1001.86
28,3,538.85
22,3,1546.51
76,10,294.86
21,7,562.98
146,11,633.11
58,5,1479.32
8,6,638.73
81,4,1972.59
4,4,1087.3
52,4,493.9
15,5,839.72
64,4,385.66
61,1,479.28
50,6,883.05
47,5,445.51
11,7,396.3
3,6,1763.13
16,6,2272.08
6,8,896.13
36,5,597.18
13,5,373.1
112,6,407.59
31,4,190.06
52,4,123.09
5,5,754.39
60,7,937.67
77,7,718.88
21,4,660.65
28,2,323.13
44,6,901.0
6,6,622.36
21,6,354.84
16,4,325.25
5,2,1535.53
14,5,641.28
3,5,849.9
1,2,710.14
5,6,277.96
99,4,1563.13
24,1,970.77
102,2,549.02
17,3,1224.43
12,5,253.24
22,4,906.88
18,1,883.03
4,7,1101.48
31,3,1005.38
8,5,235.95
29,3,117.94
32,4,402.64
5,7,532.33
2,6,810.36
46,2,522.7
19,3,1457.18
2,4,1223.02
159,5,600.86
2,8,1710.12
36,5,1940.89
124,3,1362.31
9,4,1822.32
5,6,625.28
4,3,311.69
11,7,4078.44
4,4,765.87
36,3,588.67
2,8,748.65
22,5,313.74
172,3,948.81
51,8,907.95
29,6,1222.96
11,4,2477.15
30,3,574.58
23,5,221.05
17,3,509.16
5,4,889.75
66,4,1317.89
18,3,194.15
7,11,291.42
14,8,130.68
17,4,357.49
53,3,223.77
40,7,663.93
44,5,1641.73
1,5,1473.36
17,6,339.73
20,5,337.11
1,6,753.91
10,4,450.29
43,7,1703.65
5,6,1128.55
23,3,348.07
8,3,838.47
1,6,372.31
9,6,163.17
112,6,1053.85
49,9,664.85
97,10,3376.03
21,8,1142.4
4,6,1454.84
24,5,225.65
19,7,175.56
56,3,1859.17
4,3,753.81
21,7,248.97
5,8,727.0
12,6,239.02
41,2,934.79
20,7,1620.71
15,5,579.62
16,4,537.03
19,2,963.67
47,8,1445.88
67,3,149.53
94,8,2152.32
47,9,1303.24
12,7,1098.94
35,4,831.48
18,3,1149.93
9,6,375.22
56,7,746.15
2,1,433.64
70,5,596.02
19,6,717.41
31,6,936.12
33,5,484.97
68,5,277.25
31,3,1182.24
29,2,384.42
3,4,1584.24
22,7,341.15
5,3,569.4
41,3,1173.83
22,2,292.84
35,4,510.11
2,6,935.18
3,7,923.12
38,6,1326.28
3,5,1156.0
3,11,847.16
1,1,739.56
95,6,1624.19
41,8,1316.31
14,3,1985.73
11,5,1608.72
13,4,150.44
45,8,979.63
33,6,327.5
7,4,275.38
6,3,256.29
4,5,957.42
33,7,364.58
44,3,651.32
10,5,788.55
1,8,1471.64
3,3,215.22
104,6,1672.18
11,9,269.04
44,2,256.59
30,5,812.98
15,7,540.01
7,5,236.31
4,5,161.97
29,3,899.38
45,5,2594.61
31,6,771.5
23,4,463.87
2,7,716.26
104,3,189.64
49,5,1451.19
11,7,715.93
118,4,355.27
28,6,468.76
27,6,824.72
42,2,702.18
51,6,1030.76
33,7,599.61
5,3,369.49
13,4,469.44
79,1,1243.69
8,3,1286.53
14,6,912.06
17,4,278.72
18,4,1027.84
29,6,1022.27
86,6,1029.03
9,9,417.41
4,4,520.83
7,5,995.23
66,6,369.06
32,6,370.13
11,7,1161.15
51,3,923.34
60,1,754.36
57,4,511.59
76,5,1245.67
9,5,867.21
43,5,503.46
19,5,1575.22
56,6,1463.29
40,7,594.34
45,6,373.37
33,8,1667.32
6,4,618.95
24,7,721.88
126,2,1643.87
84,1,701.12
2,4,1248.78
6,4,149.17
5,10,421.12
39,5,337.11
52,4,1202.78
8,4,1303.23
22,9,395.95
56,3,1212.36
40,3,966.15
24,6,716.72
27,2,459.03
22,2,163.72
11,7,2850.62
25,5,107.51
36,6,327.93
62,5,532.55
31,8,2360.01
43,5,518.6
6,7,367.73
19,7,791.51
1,7,756.76
9,4,642.81
39,7,502.08
145,4,1588.92
4,3,929.72
16,7,603.45
49,6,436.8
7,4,126.61
25,4,469.96
40,5,845.33
29,4,621.83
7,2,198.66
14,3,1124.67
46,7,548.83
25,5,868.41
1,2,1365.29
43,3,239.01
2,4,517.07
42,4,731.31
7,5,347.85
96,6,1431.32
14,7,339.44
12,9,134.15
5,5,975.58
11,6,1565.55
63,7,2723.01
169,3,775.98
14,8,652.38
18,6,540.8
39,4,687.0
66,11,564.18
27,3,312.05
15,8,258.45
16,4,1868.34
36,3,475.02
1,3,658.16
29,5,2152.12
14,8,476.38
48,2,339.14
3,4,1123.61
27,6,1356.8
20,6,201.83
31,4,2084.92
3,3,529.73
27,3,573.7
25,7,402.04
25,4,296.69
28,4,1080.42
34,4,405.47
50,4,879.7
10,4,470.09
53,5,140.81
21,2,582.24
3,8,924.71
2,7,114.49
13,8,1207.05
47,5,462.79
37,7,206.77
47,7,236.94
22,5,460.16
18,6,822.85
5,5,1459.29
12,7,888.21
18,3,581.02
3,7,170.06
8,8,1220.08
28,6,1145.59
40,3,753.54
193,6,1550.71
82,5,265.53
31,7,1740.86
17,4,1066.02
31,7,1388.91
47,4,466.6
4,6,986.84
16,6,189.45
55,4,1668.0
15,8,1982.1
26,6,486.61
27,1,1369.11
7,3,821.51
14,7,683.75
13,5,633.2
1,6,592.27
1,2,1090.02
54,3,782.53
10,4,198.3
22,8,285.76
11,6,1573.37
85,7,412.55
10,8,1286.17
17,2,466.32
62,7,121.12
56,3,149.84
7,3,325.88
49,4,313.54
19,8,587.65
20,5,258.92
5,4,2586.61
3,5,1033.6
40,3,361.89
21,2,703.61
18,6,1151.71
40,6,1910.41
44,6,652.96
6,5,767.3
29,2,612.55
5,4,1965.45
42,5,854.37
33,3,764.92
95,9,864.89
3,6,386.5
2,8,735.08
10,4,716.66
10,1,1432.67
9,5,660.2
72,4,422.88
9,5,545.36
10,6,506.34
43,3,281.42
18,7,994.45
45,4,1685.72
3,9,865.51
21,5,1794.8
2,8,2446.39
2,7,83.14
72,5,246.09
5,5,200.04
23,5,1855.29
16,8,427.39
13,7,207.38
70,6,236.59
1,4,573.36
33,2,914.73
100,3,566.0
25,2,844.81
83,6,335.56
2,4,610.34
17,4,844.88
10,8,1888.93
40,5,618.11
120,4,892.58
9,5,541.85
32,6,219.78
7,11,902.69
25,10,815.65
19,4,1593.05
108,4,942.88
29,5,1822.69
13,8,1217.8
4,5,766.9
5,7,962.92
8,5,469.98
9,6,1341.32
58,6,1195.27
25,7,522.3
23,3,1034.45
4,6,981.91
60,5,616.59
39,6,1271.88
3,5,661.58
37,9,389.8
24,5,875.79
3,5,2879.48
19,4,3506.89
20,5,303.19
6,7,174.03
88,8,1032.28
57,4,1281.57
34,9,2101.73
19,3,741.43
16,8,876.7
32,5,322.53
24,7,600.44
2,2,544.42
22,6,1420.8
50,5,588.43
19,7,428.36
2,5,911.14
47,4,704.69
7,8,802.04
9,4,225.53
6,7,469.65
13,6,654.89
43,2,1080.63
22,6,1447.86
7,3,811.43
64,6,526.46
64,5,649.84
62,10,408.12
9,7,590.54
19,8,707.75
126,3,788.65
45,6,602.94
1,6,422.64
3,3,735.47
19,3,1103.93
72,4,324.54
24,5,1332.38
21,4,1567.47
4,2,1382.76
33,4,3746.83
52,5,346.38
15,8,212.82
45,6,348.09
101,1,302.38
7,4,620.55
23,10,654.1
11,3,1453.37
48,5,643.47
26,7,307.99
31,6,1115.76
48,4,837.56
16,2,718.79
74,2,646.26
23,3,1482.15
6,6,848.76
36,7,2553.39
48,3,972.65
12,4,336.13
59,3,830.59
71,3,660.04
10,6,437.33
124,3,317.36
5,4,744.74
7,7,988.18
7,6,1417.6
68,7,695.55
32,2,367.86
5,2,2850.12
18,8,712.52
29,9,618.32
3,2,250.44
65,5,1036.69
49,6,1337.31
22,4,69.74
103,4,2121.31
17,3,1583.88
125,4,568.2
34,5,260.11
31,7,298.09
6,2,444.41
65,4,441.16
17,4,1291.89
6,6,885.17
1,9,479.69
25,4,1069.19
23,5,1666.4
39,4,812.63
67,5,2003.68
3,6,1583.73
40,3,793.03
7,3,767.85
59,3,357.8
52,7,124.36
24,6,257.68
38,5,713.71
12,4,100.49
20,8,335.95
52,4,558.24
19,4,875.24
14,5,1346.27
21,6,403.82
53,8,1072.09
13,5,363.23
6,3,2179.13
38,9,1096.82
53,6,962.3
4,3,392.03
9,9,339.28
5,5,440.13
13,4,957.87
18,5,3112.53
42,6,635.84
32,4,597.4
30,7,1319.5
14,5,560.8
56,2,499.05
20,4,1866.41
117,6,267.57
31,6,560.61
5,8,209.0
34,3,976.78
12,2,751.15
35,5,1608.31
3,5,489.92
6,7,614.4
59,5,564.14
8,3,1991.08
55,6,840.93
10,6,909.98
31,3,593.31
36,8,523.65
22,2,595.79
11,4,1617.14
8,5,794.74
2,3,1677.82
11,4,893.01
32,6,479.78
84,8,576.33
62,5,1105.74
44,2,990.18
47,7,729.96
33,5,2330.37
10,3,504.61
72,4,295.49
34,3,393.77
25,5,662.88
4,4,979.25
18,4,733.84
19,8,254.67
60,7,665.59
24,3,1172.88
15,5,1373.44
113,3,231.2
4,6,448.69
17,2,465.88
2,4,2083.49
41,5,1770.77
76,3,676.71
10,1,603.28
59,6,2827.6
11,12,1427.0
73,4,361.89
43,5,1820.25
50,5,517.39
1,1,281.74
99,3,552.03
39,9,725.43
11,4,763.25
54,2,1843.57
10,6,1273.79
62,5,500.51
4,6,436.67
37,4,511.52
24,5,1620.61
4,6,574.62
9,6,1133.35
1,5,236.01
19,4,1405.62
11,3,1002.29
28,7,1267.62
11,7,374.17
11,10,1065.46
41,3,275.0
2,5,806.93
70,4,652.74
58,7,200.29
34,9,1029.86
27,2,216.65
67,6,201.12
7,3,222.96
3,4,1351.73
9,2,970.22
48,4,236.52
2,9,809.04
27,6,748.55
162,5,1248.06
59,10,646.92
23,4,1397.16
2,3,667.76
54,8,417.37
28,2,374.01
4,3,177.24
3,1,308.41
73,3,313.56
34,7,447.75
54,3,1050.97
64,6,1192.6
26,8,2880.79
22,6,421.0
17,5,289.91
12,3,164.54
18,5,664.63
45,5,897.84
28,6,760.44
67,5,527.12
18,3,2952.76
29,8,1306.03
30,6,277.86
27,7,943.5
37,2,1600.88
9,3,666.0
22,6,1115.32
4,6,1501.31
15,7,781.53
21,5,862.8
32,4,236.24
91,3,289.82
28,5,1320.74
41,6,221.34
22,2,440.13
31,10,582.94
3,6,1063.95
9,9,330.79
14,7,1906.34
20,4,1602.12
2,7,2690.72
5,6,88.21
10,7,1188.17
107,11,1573.9
13,2,485.97
20,7,676.77
7,4,793.31
29,5,449.48
10,8,696.99
7,7,843.62
22,4,3768.89
1,6,513.71
1,6,928.98
8,8,994.64
2,4,700.87
4,6,292.04
13,6,954.03
49,7,427.28
26,7,409.29
22,3,1388.74
11,4,582.33
81,6,966.18
16,9,1020.57
3,5,1623.65
29,5,291.33
4,4,1219.79
13,5,1345.35
22,5,528.43
63,8,1789.12
21,8,243.42
37,5,1121.03
149,4,799.53
5,3,573.15
10,4,826.31
16,6,217.6
17,7,425.55
16,3,1782.68
72,3,290.41
38,4,650.15
29,2,309.43
12,4,461.21
53,5,781.27
94,5,1886.63
52,6,1476.95
1,7,281.22
31,5,2028.27
2,7,1596.62
9,7,211.36
2,3,1496.21
28,4,1505.6
35,6,149.04
4,2,307.25
15,6,1514.16
19,10,269.45
14,10,1304.52
4,4,1806.38
17,3,530.27
42,6,1045.1
3,5,831.21
3,6,1732.31
14,6,812.86
86,7,919.76
34,2,2165.64
35,9,1467.38
14,7,135.96
28,2,977.32
1,4,529.23
31,7,1593.69
74,10,744.14
29,4,693.56
63,5,500.4
39,6,546.74
4,5,865.45
70,2,445.55
3,1,487.1
23,5,158.28
5,2,319.56
1,4,1179.72
17,4,1214.07
11,4,100.78
20,6,370.19
26,5,1111.28
2,4,173.11
4,4,426.78
25,4,1271.83
13,2,193.47
40,8,927.93
32,7,314.16
57,6,856.92
36,10,937.0
17,10,1150.51
34,4,197.45
10,4,738.81
11,11,1163.06
47,7,1342.12
18,7,228.34
49,7,491.15
52,6,997.66
59,4,1904.62
75,8,774.31
17,6,324.39
12,9,322.58
27,6,336.06
14,2,458.72
28,9,736.98
37,2,1335.34
35,3,2458.43
15,6,851.4
6,6,1453.14
17,6,501.2
5,7,1078.11
67,13,1441.99
13,5,586.75
6,4,227.19
1,5,1145.99
32,2,706.66
31,5,1133.91
13,8,602.96
3,3,715.26
16,3,1129.96
12,2,1983.99
34,5,315.07
28,5,390.61
14,3,807.53
8,8,1363.96
133,6,837.66
19,5,858.38
35,6,478.71
5,5,487.46
20,8,1721.55
1,6,1125.48
22,6,163.87
100,6,247.82
15,3,602.72
2,4,1126.3
1,6,77.26
15,4,874.87
6,4,423.35
1,3,1390.88
43,6,411.71
19,5,536.15
11,9,1963.12
70,8,648.67
4,1,1368.03
94,6,908.0
12,8,1020.72
66,3,1278.37
28,9,400.43
53,4,1168.12
125,3,1346.36
11,8,975.49
98,4,1417.86
15,5,253.09
15,7,198.45
13,8,1255.51
24,4,435.41
6,3,208.89
25,8,192.19
24,4,2051.64
44,6,1225.98
54,4,905.83
18,3,2018.84
11,6,838.62
10,6,191.51
7,11,534.99
2,6,187.15
13,5,1250.16
10,6,523.41
102,5,3265.43
25,6,566.35
13,7,369.68
27,4,1213.55
5,5,289.75
18,7,229.97
30,5,918.6
21,5,807.54
16,6,327.36
153,4,305.47
64,6,1002.72
30,4,1720.7
26,4,776.93
30,11,821.61
7,4,819.39
16,5,1020.84
2,3,414.55
20,6,989.76
24,4,1906.9
8,7,834.72
100,5,1410.81
73,4,2274.98
39,4,1440.21
23,3,1703.27
62,3,1614.29
5,3,1546.28
47,7,407.95
4,7,1631.4
48,6,778.07
10,5,1226.99
63,5,889.02
87,3,2185.06
5,5,1316.97
19,10,1382.94
119,4,1477.72
20,5,860.37
60,4,1488.71
27,6,369.38
15,7,924.75
11,3,1237.09
7,7,754.01
44,5,3032.73
15,1,507.94
22,3,223.49
21,5,2130.56
26,5,971.11
61,6,352.51
119,8,599.29
16,7,177.04
53,8,387.29
44,6,882.01
26,7,1417.13
94,4,558.03
7,4,442.13
4,4,482.27
58,4,535.67
18,4,971.79
57,7,2184.12
68,5,173.17
2,6,444.2
65,1,179.3
18,4,390.26
22,5,726.96
30,2,245.56
79,5,1221.31
1,7,338.03
20,8,1164.75
35,5,488.49
39,3,641.97
36,4,1060.52
5,4,2662.49
11,5,490.23
14,4,177.86
49,2,2295.84
10,7,1187.05
8,6,428.76
95,8,773.49
1,3,850.45
184,7,512.09
34,3,276.4
53,3,615.84
11,6,257.28
1,5,2620.73
41,6,1684.34
54,10,1696.51
41,6,161.34
5,4,530.98
43,4,263.02
44,2,880.23
33,1,113.63
44,4,1719.04
57,6,607.74
29,2,622.41
3,3,680.13
21,4,309.11
3,5,1128.25
16,5,580.94
16,6,912.47
3,6,63.49
13,5,1293.46
4,6,241.78
50,6,234.77
89,6,711.81
3,5,810.25
94,3,1700.37
23,5,833.37
11,4,1167.48
3,11,981.65
21,3,1369.07
48,9,2714.14
37,2,545.36
2,2,428.91
3,6,579.87
16,6,1946.94
11,3,413.93
8,6,698.28
10,9,329.12
49,9,514.93
80,6,372.2
16,4,585.56
71,6,907.53
12,4,916.41
20,6,427.53
8,5,175.42
31,3,1812.76
116,11,1338.5
28,4,2753.46
14,4,541.14
32,7,81.95
4,6,1819.99
66,8,628.45
21,5,342.36
18,6,750.59
27,4,490.05
30,3,739.77
3,3,490.32
35,5,243.65
9,6,1086.24
38,6,638.82
52,7,1527.57
49,8,171.6
25,7,1031.84
23,3,816.66
5,2,1698.52
45,6,707.07
10,7,880.66
21,5,213.36
11,7,76.98
5,8,1332.81
30,3,1428.83
2,6,182.86
42,3,297.73
12,7,990.18
1,8,1825.49
22,5,538.18
2,6,768.37
10,5,768.22
37,5,704.39
2,3,359.33
55,5,829.1
1,9,699.58
9,3,438.42
41,2,2331.63
12,8,219.78
4,3,2194.41
14,3,980.23
10,4,1265.88
56,6,306.02
12,5,2348.88
47,6,601.62
67,7,1471.62
18,4,781.98
73,5,232.76
15,5,196.57
100,5,1789.28
3,4,121.0
35,6,665.52
21,7,1199.21
15,7,1137.93
31,3,463.73
37,7,565.68
1,6,1927.42
6,5,555.65
38,7,652.8
33,1,362.44
102,6,984.49
43,3,2433.31
91,7,612.84
37,8,213.88
11,5,284.43
4,5,852.06
46,8,419.0
31,3,1366.19
2,7,606.9
14,3,1216.84
95,6,833.27
21,5,260.67
18,4,456.1
19,2,653.74
8,3,2456.12
14,4,1659.17
14,4,254.89
2,3,603.29
44,9,854.59
17,6,380.59
52,5,456.21
57,3,236.09
8,7,902.52
33,5,328.94
20,5,175.63
64,4,578.09
8,4,935.1
34,6,698.67
29,5,736.71
11,4,468.85
5,3,480.27
32,5,2135.4
41,4,1582.29
12,6,768.09
32,5,332.69
16,3,1339.69
38,2,1881.83
7,7,1267.48
67,4,607.37
11,3,836.37
14,3,444.19
2,5,868.55
4,6,785.46
22,6,1218.67
10,4,473.38
55,4,2403.53
1,3,226.67
15,4,926.21
13,5,1377.56
1,7,365.73
4,4,992.97
17,6,1147.86
21,6,908.43
16,5,1832.79
23,5,1269.4
28,3,261.41
1,5,842.72
19,4,578.86
100,7,1312.33
22,4,1032.44
34,2,744.7
12,4,376.08
45,4,490.86
45,6,315.7
23,7,946.88
112,9,429.45
5,4,649.71
1,3,1636.14
45,7,1379.53
50,5,1509.42
4,8,291.08
10,4,210.34
1,7,3748.78
11,8,713.82
45,4,549.35
22,3,439.65
13,5,443.46
14,6,1288.62
1,7,482.14
11,7,359.63
32,5,952.3
110,7,406.78
57,3,563.52
1,5,79.12
69,3,1438.02
46,4,1096.57
46,5,934.4
19,5,1222.87
16,9,583.78
11,3,928.24
3,7,1216.49
8,4,478.6
9,4,1539.72
20,6,1648.57
42,4,522.88
20,7,2716.91
2,7,794.46
95,5,1151.35
86,3,946.4
47,6,1643.99
143,6,1035.69
24,3,1027.46
99,4,1223.13
3,6,513.73
14,8,1387.91
8,8,1062.02
7,1,939.04
5,3,120.86
30,4,688.84
46,9,590.68
26,8,313.28
5,7,954.42
50,6,1331.05
31,3,466.93
15,3,293.24
34,3,441.22
10,2,2921.83
13,4,890.37
75,4,489.28
11,4,1349.03
20,3,882.24
67,7,1193.22
37,5,498.34
2,8,454.25
5,5,452.7
1,8,358.29
30,2,889.09
18,6,1791.99
5,6,937.68
96,5,1508.05
23,5,428.57
9,11,1069.59
21,2,796.04
35,6,1075.29
3,4,434.6
10,5,581.5
50,6,359.79
19,1,1803.63
24,5,1998.5
18,6,691.76
2,5,409.04
6,4,972.66
18,6,477.52
8,3,1762.8
2,3,855.8
56,5,1555.98
120,7,667.35
48,5,139.98
58,8,547.62
9,8,280.69
98,2,715.57
7,3,305.3
91,5,554.96
158,4,1573.27
38,4,226.95
120,4,913.02
26,4,683.32
10,6,319.7
18,3,1726.46
28,4,1481.98
3,4,408.27
30,6,523.61
120,6,485.11
7,5,1089.81
48,8,1107.35
72,6,1015.82
87,4,426.03
97,6,1024.14
23,11,1630.25
114,3,1425.53
43,2,1441.15
6,4,576.05
20,6,883.43
39,6,1642.44
9,4,1854.69
31,6,1703.6
33,5,213.89
6,7,868.88
25,4,1158.62
45,3,4000.1
21,6,298.85
1,5,486.73
1,3,873.17
14,9,264.74
79,5,433.61
8,3,699.13
31,13,490.22
8,6,2015.72
12,7,405.7
57,4,1542.73
40,5,277.45
4,4,241.54
17,7,1227.15
1,7,675.04
20,3,56.77
33,1,644.62
4,7,1610.65
11,5,923.13
16,5,1589.74
76,7,1196.86
150,2,619.25
2,5,1245.34
43,3,1433.99
14,4,300.32
15,1,1035.54
43,7,773.53
76,4,838.34
91,4,886.15
26,6,1363.53
14,3,868.18
47,2,968.35
9,9,303.7
25,3,941.81
14,5,588.12
33,5,1768.87
9,4,838.73
7,3,1334.99
76,4,597.26
4,4,1557.86
22,5,1690.19
8,6,703.45
2,6,700.69
2,4,914.11
6,4,1531.63
61,4,942.3
10,6,1930.72
91,8,461.66
27,2,975.29
18,6,944.55
27,4,276.45
22,3,561.28
43,4,1602.04
10,2,126.68
14,6,302.47
68,4,581.09
88,4,380.86
67,8,1641.73
17,7,3285.67
46,2,373.32
20,3,1622.83
21,7,396.9
7,4,149.85
27,4,695.07
7,7,1687.19
13,5,1479.74
58,10,1063.13
7,8,292.36
3,7,1404.94
3,3,3059.18
85,6,1321.28
22,5,293.78
16,2,490.41
50,4,600.48
55,9,550.46
13,6,386.67
36,5,964.1
45,4,1373.5
32,4,603.4
5,3,250.39
63,10,1386.04
24,6,91.58
10,3,538.52
17,2,782.22
2,11,770.92
5,8,514.62
44,4,589.69
1,2,379.01
17,7,221.21
23,1,668.68
2,6,607.82
109,3,1381.62
8,4,326.84
11,10,1006.23
11,4,766.73
8,6,399.77
1,6,781.8
40,4,701.16
103,6,732.27
8,5,680.25
33,5,654.4
41,3,641.24
57,4,866.35
17,7,429.78
11,5,659.2
12,1,1242.86
38,5,537.03
51,2,1219.4
7,6,494.75
14,6,1911.09
70,7,362.06
50,5,1042.37
126,3,227.29
43,3,1034.22
15,5,478.84
27,2,1143.18
33,2,1140.61
3,8,1039.28
24,7,808.8
38,4,530.72
6,6,936.94
46,3,1745.07
27,6,330.85
92,9,390.43
2,6,389.17
10,3,210.38
28,6,1091.58
11,6,408.25
38,8,1218.52
43,6,487.36
4,3,505.56
22,5,1437.93
22,7,368.21
14,3,322.62
82,3,2449.15
53,2,591.26
36,5,504.15
38,5,741.3
19,6,263.42
77,1,245.6
36,7,1393.95
40,6,318.0
60,5,871.72
10,7,987.3
50,5,488.5
7,1,84.65
13,3,706.04
13,6,422.32
116,5,2139.85
59,4,411.38
37,8,982.72
39,3,245.72
25,6,931.95
89,6,718.53
21,4,1447.36
15,2,673.62
6,4,256.89
47,4,392.69
40,9,2264.23
15,3,522.82
1,5,71.83
55,6,581.1
1,5,492.73
37,4,308.33
106,6,526.51
18,2,1260.54
9,3,622.2
37,5,260.94
51,5,396.77
24,6,1075.51
103,5,859.5
2,2,730.83
22,9,1057.31
39,4,402.03
60,3,1551.12
6,6,1982.82
49,3,654.88
25,7,1848.97
16,6,1051.46
5,2,471.32
61,7,181.92
6,5,781.11
12,7,386.05
11,4,1087.65
62,6,449.89
34,2,506.22
48,6,1166.74
9,5,542.67
30,5,156.11
26,3,835.97
54,5,1988.57
71,6,430.17
1,6,570.12
34,4,931.42
2,3,746.75
24,6,1448.8
11,5,1671.03
11,3,916.46
14,6,651.42
30,5,540.32
13,3,648.26
40,4,1602.5
16,7,339.27
3,5,1550.02
46,5,549.87
11,5,1851.89
18,4,276.82
35,4,1579.4
13,5,700.6
2,3,2121.51
15,5,327.6
87,6,1418.59
31,6,941.19
34,6,1041.44
31,8,697.2
7,5,739.86
17,3,541.13
42,5,109.42
4,5,717.7
10,4,1171.55
10,6,1766.39
17,4,553.39
118,6,153.67
3,7,120.32
22,1,661.85
6,4,519.06
106,6,158.11
4,7,1797.79
16,5,853.22
41,5,400.23
37,6,376.87
17,4,1113.39
13,3,2083.31
16,2,1450.56
10,6,1431.45
7,4,646.68
20,9,96.36
10,3,452.31
11,6,1933.14
33,5,480.73
104,5,335.31
28,8,401.87
3,5,651.85
3,8,583.94
91,4,230.28
11,7,985.54
3,9,744.39
28,7,553.43
30,5,799.53
32,6,1630.34
10,4,614.56
1,2,1066.95
101,2,468.51
9,4,355.25
34,7,906.2
37,3,164.78
29,2,421.92
12,3,593.8
10,6,504.11
28,4,1445.07
61,4,529.83
88,6,1665.9
4,3,680.62
6,4,206.02
87,2,614.56
41,9,317.72
65,7,93.89
7,5,1012.53
27,4,122.62
37,3,113.53
35,2,2589.35
16,6,1367.67
1,7,394.7
27,6,430.76
9,1,824.93
18,8,458.4
95,2,295.48
16,4,256.79
55,4,641.77
7,2,218.3
34,4,1825.71
114,4,821.11
4,5,1910.06
1,6,1370.26
18,3,905.99
3,5,150.56
42,4,296.41
74,7,1068.23
18,5,797.96
9,2,769.57
18,6,675.29
39,6,180.88
1,6,866.28
27,8,628.47
29,6,521.83
31,6,1309.33
9,4,619.13
38,5,666.49
3,7,2776.44
7,6,456.03
63,5,704.74
41,4,1076.39
1,3,905.1
9,5,470.48
8,2,411.93
10,7,500.34
9,8,500.37
2,4,1253.85
19,2,1134.53
40,4,344.45
28,7,1048.73
34,6,385.48
3,8,1040.28
91,4,2136.69
55,3,533.63
50,2,513.26
52,5,1857.28
81,8,469.17
24,5,1041.34
7,5,893.18
29,4,957.18
41,5,465.74
41,7,517.73
23,5,924.25
3,6,461.09
14,2,986.32
77,6,866.4
27,5,724.59
24,4,855.67
10,3,592.89
14,5,585.96
68,5,334.97
33,4,576.63
47,7,217.12
19,7,1879.36
30,8,530.57
9,3,403.69
37,2,360.92
17,6,518.55
18,6,1887.28
32,4,1593.06
83,3,190.17
2,6,1035.14
53,7,481.93
11,5,2878.65
18,4,1449.02
1,4,322.42
11,5,370.26
21,8,1874.55
2,8,1145.38
21,5,994.33
79,5,254.93
4,5,345.54
44,8,447.06
16,5,1089.46
32,4,458.66
10,6,220.42
6,3,1090.77
6,5,475.18
3,2,220.63
7,5,1298.94
33,6,730.76
65,8,355.82
51,3,903.96
35,3,329.75
4,3,432.88
11,6,399.18
12,6,709.97
9,7,1082.15
22,5,604.92
24,4,1157.67
14,5,326.85
14,3,1011.6
53,5,1341.5
47,7,1281.17
12,5,280.94
74,4,3010.29
92,4,536.59
12,4,662.69
14,5,150.29
22,1,1341.01
85,4,871.32
63,4,1201.78
4,7,1352.88
15,7,366.68
25,5,1354.07
21,6,1007.15
7,7,1453.24
59,1,1454.27
34,5,181.52
55,4,880.45
59,3,899.66
42,9,504.73
18,3,893.62
29,2,342.17
6,2,798.72
34,3,230.25
6,3,1221.23
36,5,524.76
8,7,991.84
4,7,1049.99
6,9,1243.46
1,9,809.37
39,7,1083.25
40,4,535.95
22,7,2502.56
6,6,388.07
3,5,524.35
1,7,2414.85
6,6,764.35
67,4,1422.44
9,5,848.83
14,4,656.67
4,3,593.29
8,9,1912.77
22,5,611.0
29,3,1057.57
9,3,1192.43
2,4,1627.06
15,3,1519.03
9,6,860.01
8,5,121.09
97,6,280.72
29,5,541.16
25,3,938.03
17,5,229.2
17,6,524.6
24,1,1051.69
36,6,616.08
37,5,1123.79
6,6,630.24
21,3,2152.13
16,6,770.26
62,5,224.03
30,2,381.08
23,5,632.24
4,5,845.69
28,11,469.13
4,6,218.86
13,4,1552.13
5,4,947.25
36,3,1275.29
7,7,581.98
15,4,400.85
68,3,385.97
7,2,801.88
22,5,635.98
17,7,696.69
1,6,218.32
48,6,700.57
3,6,919.83
20,2,2730.03
25,5,677.04
30,4,806.88
36,7,186.95
9,3,80.93
1,5,970.57
39,6,966.98
24,8,182.29
55,4,2306.57
52,7,871.53
56,4,1853.04
20,5,794.08
13,6,128.48
48,5,877.3
19,4,389.85
7,4,492.6
58,6,400.37
65,8,240.4
19,4,1043.93
3,7,1231.44
15,4,631.09
49,8,589.77
70,4,824.16
7,6,2041.06
3,14,573.65
63,4,770.2
15,9,279.59
24,6,184.85
104,4,425.57
3,8,2102.34
32,5,219.42
3,6,607.52
15,8,550.51
49,7,656.37
18,5,1466.95
177,4,2126.52
25,7,809.91
12,5,766.25
8,3,317.16
13,3,124.83
14,6,1291.2
3,2,839.14
14,6,376.08
19,5,1936.78
39,2,430.13
33,5,1838.36
38,2,970.58
1,3,478.16
8,5,247.56
33,4,733.03
20,6,150.08
1,3,817.72
49,4,1188.89
45,4,200.83
24,5,680.3
3,3,492.71
44,4,1769.54
27,3,414.35
46,5,756.4
42,3,89.61
49,5,207.88
22,10,902.85
5,10,1229.73
34,2,492.1
30,2,226.45
41,2,776.19
6,6,463.1
7,7,1657.56
67,6,730.72
42,3,1283.01
72,6,1429.1
43,5,328.68
28,6,404.11
32,3,205.3
66,3,165.33
26,2,801.74
31,8,1027.65
6,4,1836.71
20,2,1025.35
38,7,425.01
10,5,784.46
7,7,1097.43
12,2,546.55
9,6,292.8
8,5,171.84
17,3,234.92
72,4,546.69
22,6,738.49
7,4,318.3
3,5,676.84
36,4,222.1
15,11,1434.14
52,3,423.24
33,3,522.92
48,7,1558.22
10,4,381.34
36,4,856.42
10,7,960.01
84,1,866.98
31,6,660.89
12,2,690.1
10,10,1968.86
7,4,130.97
36,7,104.53
8,1,1352.1
28,4,1031.88
10,6,799.62
33,4,689.69
51,6,423.1
46,6,1296.31
43,7,758.56
7,7,387.57
3,6,951.01
37,3,613.34
14,5,480.98
17,3,461.68
1,6,3284.56
10,4,196.57
2,4,922.91
64,4,561.5
9,8,963.64
25,8,3360.42
2,5,1899.63
33,2,792.13
12,6,2133.93
69,7,1219.53
66,3,1132.44
12,4,678.94
70,5,1520.76
167,1,1039.34
53,3,506.97
56,5,1278.49
9,6,566.74
26,3,260.77
3,3,279.76
3,4,1008.99
205,3,1234.2
12,5,545.34
42,4,372.76
50,3,545.02
59,5,196.32
182,4,1288.7
9,4,438.89
2,5,843.7
16,4,890.13
5,6,916.07
1,3,1534.25
14,7,1071.49
46,4,789.89
26,5,793.86
12,3,199.88
32,2,917.17
8,6,932.66
1,2,762.93
44,1,902.57
30,4,1575.63
44,5,1797.5
2,7,1339.35
55,5,1049.09
29,2,1211.65
25,4,2279.16
30,2,1259.98
60,6,442.87
27,5,422.37
27,4,630.64
141,6,1126.23
43,6,543.08
18,4,428.99
37,5,1130.37
15,7,336.79
8,4,403.99
28,3,570.5
80,2,188.24
80,8,121.64
13,7,493.0
23,4,2018.86
8,2,199.7
163,6,770.83
120,6,1727.23
32,4,68.31
49,6,565.3
38,8,883.63
27,5,2162.45
2,5,643.45
19,8,1162.48
34,6,215.38
34,3,741.54
15,5,1490.75
86,3,777.54
6,7,336.49
21,4,91.84
36,7,150.43
36,7,347.38
32,7,250.36
10,5,986.19
6,5,454.12
31,5,693.6
28,2,252.59
6,5,1474.54
37,5,1204.79
19,5,198.13
34,3,1159.84
55,2,794.75
6,6,763.1
1,8,744.06
46,6,246.65
29,7,1135.21
37,4,2091.75
55,3,489.99
49,4,682.55
98,6,235.38
24,7,1552.31
21,7,318.81
16,6,881.02
6,5,1057.74
26,7,518.18
10,5,957.71
77,3,127.06
27,5,797.33
27,5,814.85
14,4,1491.62
2,3,260.01
1,5,662.68
17,6,1201.17
3,4,330.99
29,6,670.3
64,5,367.92
65,3,162.55
33,5,258.62
8,5,671.06
60,5,1835.42
66,7,2288.84
7,9,1122.49
41,1,391.14
11,4,160.14
49,5,257.31
177,3,1133.63
1,2,843.6
69,5,702.64
30,3,1293.05
109,6,1229.97
19,2,853.52
57,4,339.22
2,5,547.01
13,5,172.13
3,6,709.01
112,3,389.02
51,5,185.61
58,6,586.18
84,5,561.25
3,7,766.11
15,5,1007.61
3,4,519.44
8,3,230.19
8,4,1606.32
19,3,1538.22
10,4,371.36
4,4,884.83
6,4,1699.09
5,4,921.15
109,4,553.17
43,6,524.59
104,3,190.54
18,4,250.18
10,5,422.11
49,4,533.08
12,7,544.15
11,5,2869.16
8,5,543.84
5,4,509.49
9,5,516.58
14,6,299.29
34,3,1107.44
2,5,878.5
8,4,558.79
50,3,207.27
5,7,1426.99
13,6,1942.09
60,6,663.44
6,5,103.58
3,6,494.8
20,6,409.47
11,2,1096.22
25,6,1298.9
49,3,451.35
5,6,279.75
27,1,379.74
22,4,1082.22
5,4,862.89
30,9,760.21
10,6,1242.62
21,4,1238.28
3,4,1339.26
19,4,763.96
11,5,793.01
52,3,871.55
2,4,762.12
17,6,305.74
19,5,1721.4
39,6,339.94
26,4,617.35
34,6,476.19
46,11,420.88
60,4,1765.45
12,4,2391.74
24,5,657.52
55,1,630.51
137,6,391.19
67,6,435.47
14,4,594.15
7,3,1177.07
21,4,742.55
41,7,1181.55
21,5,1573.89
20,4,1701.15
55,4,714.59
14,2,1873.64
59,6,296.01
16,4,995.68
12,6,509.36
19,3,1760.9
44,7,2014.46
5,6,457.51
7,4,1132.59
91,8,700.26
6,4,521.53
26,3,1222.22
26,3,719.61
21,7,1304.34
32,5,485.13
8,6,614.6
25,7,430.15
14,7,1213.02
33,2,374.29
5,6,461.38
26,7,506.27
7,6,787.63
10,6,1160.29
8,5,394.69
7,6,434.9
53,2,399.93
11,5,1708.62
79,10,706.61
106,8,295.95
26,4,1091.12
5,7,1157.34
15,3,358.79
48,6,331.91
14,5,988.51
3,6,1855.56
25,3,450.26
56,4,512.03
48,6,1000.2
6,3,336.1
34,7,967.66
8,5,603.97
8,3,185.24
63,3,1690.53
9,6,242.96
10,3,1345.19
1,3,640.24
62,5,820.15
48,6,328.41
30,4,851.26
42,5,2133.58
5,5,350.41
19,6,544.2
13,4,820.08
3,4,702.57
20,7,1420.21
77,6,829.31
2,9,502.03
11,3,1117.39
7,7,292.29
9,7,656.57
72,7,411.31
19,5,583.77
19,5,701.96
43,5,2174.0
6,2,538.09
21,3,835.19
17,6,339.13
28,6,430.42
232,6,713.94
45,4,396.71
16,5,352.01
53,9,187.77
6,8,425.77
1,2,327.9
7,6,452.11
13,6,1153.68
22,3,1310.45
29,7,1107.49
73,4,1481.9
22,5,414.22
21,2,568.72
2,9,1523.34
2,3,809.07
25,3,297.17
18,6,308.7
55,4,170.34
6,5,76.84
1,7,277.01
18,4,155.93
9,9,440.91
2,6,667.5
39,2,1328.89
4,5,1161.63
29,2,171.91
10,5,1587.95
6,4,1590.33
15,4,1665.83
49,5,451.81
15,5,517.49
42,3,622.95
5,5,217.74
45,4,1279.11
9,4,404.58
34,7,361.47
26,6,1401.33
80,6,494.68
15,4,541.67
3,4,791.71
1,6,963.49
53,2,328.07
23,4,315.3
45,4,355.82
9,8,309.83
13,4,1070.64
1,7,263.04
98,4,2135.43
34,7,946.88
82,8,674.3
10,6,1101.73
29,4,414.2
35,2,577.91
12,4,1463.56
57,2,334.79
89,6,718.33
65,2,254.2
41,10,1709.17
10,9,3082.55
10,6,570.05
100,4,780.55
1,7,946.43
38,4,883.17
37,5,3293.73
30,3,433.29
139,3,1190.33
12,4,61.92
13,5,215.54
3,6,750.28
18,7,395.2
10,4,2362.92
13,2,161.73
54,6,603.77
83,2,419.26
7,4,316.21
14,3,889.16
80,5,750.99
2,3,1162.18
3,6,370.94
6,4,444.34
28,6,428.77
5,3,1205.82
104,3,847.59
18,4,790.8
21,4,1264.33
9,2,273.53
20,2,233.36
33,7,1243.52
42,4,710.89
43,6,948.29
26,1,1196.65
71,6,1335.25
52,5,1481.0
43,3,1614.99
2,4,1021.92
1,5,337.39
8,7,423.64
33,2,282.63
16,3,1317.68
16,6,884.07
65,6,427.51
68,5,736.32
72,5,383.56
12,3,567.3
36,2,1180.82
10,5,732.91
7,6,318.37
7,4,724.88
13,4,2445.9
17,2,477.1
54,5,763.03
4,3,257.62
40,4,448.75
23,10,402.78
11,5,661.97
21,4,1673.53
11,3,2128.41
28,8,211.92
18,2,975.16
6,4,950.05
4,4,2146.1
24,6,1037.21
70,4,536.64
13,2,629.47
40,7,1171.69
33,5,1371.61
81,6,607.42
52,1,774.53
26,4,158.44
33,6,58.75
69,4,1399.73
16,2,254.65
12,4,402.86
1,3,835.33
53,7,524.99
49,5,238.76
4,5,336.55
26,6,2034.49
19,4,2169.75
4,6,1243.61
119,6,365.4
8,9,493.78
3,9,269.95
28,6,1666.73
41,6,507.29
1,5,260.83
33,4,161.23
23,7,789.76
4,4,1517.98
6,6,380.24
26,2,593.51
11,9,1186.04
84,5,603.7
52,4,2295.69
124,5,161.49
10,5,241.85
105,4,384.46
17,5,842.74
13,8,831.13
2,4,929.56
2,4,1669.85
36,6,757.44
19,9,1736.18
8,5,152.19
29,4,986.89
9,6,1134.54
26,3,398.94
14,5,547.18
53,7,1250.77
52,7,664.85
20,5,1158.55
13,3,446.39
14,5,1066.77
50,8,916.27
12,7,531.26
8,7,754.4
3,7,1059.07
19,4,1263.19
20,3,947.29
56,4,521.28
8,4,277.42
15,5,1181.12
50,10,384.27
53,5,244.95
15,7,516.51
19,4,407.48
11,8,3275.98
81,3,703.4
4,6,2062.46
82,5,1403.01
35,7,302.96
23,9,1178.89
1,2,545.28
20,5,422.69
16,4,820.0
6,6,739.69
33,5,1197.25
107,2,341.17
25,5,1238.32
38,5,404.1
3,3,1908.37
17,7,372.58
4,3,464.43
29,3,841.01
84,3,163.11
33,2,731.89
3,3,2103.37
14,3,363.87
24,5,573.89
16,3,890.14
54,5,1944.96
51,5,407.8
29,6,1468.51
15,6,1168.89
9,5,1098.97
4,7,1122.34
14,5,387.67
16,3,461.88
34,6,1449.8
33,7,331.71
3,5,867.65
16,5,512.93
7,7,1343.37
6,5,295.93
53,4,1274.29
2,6,966.14
17,4,1118.86
6,2,562.6
64,3,2094.7
25,4,411.46
8,6,1500.61
21,4,1785.56
40,5,1335.15
96,4,1172.06
8,4,1478.29
66,5,371.26
82,6,407.9
75,7,1349.96
31,6,450.55
30,5,1346.51
16,6,1022.26
42,4,241.65
23,7,1054.26
34,2,1966.75
17,3,131.65
40,5,692.11
53,6,490.68
5,4,403.81
54,5,530.83
24,3,694.8
56,5,1833.3
17,6,655.23
15,7,335.37
74,5,244.33
9,8,446.16
56,5,838.18
20,3,124.26
22,2,696.74
12,3,319.76
26,3,326.06
12,3,412.3
2,3,1743.06
10,4,768.82
1,7,565.71
115,3,635.96
102,10,312.52
16,4,317.54
40,4,944.35
13,6,489.09
34,3,173.7
50,9,949.6
88,7,434.0
16,4,158.0
46,3,721.91
10,3,956.11
140,5,2032.79
1,12,133.91
28,5,1004.0
33,7,1244.2
35,2,3132.28
4,6,1492.17
84,6,1468.43
6,6,1467.11
30,3,515.69
8,6,625.17
12,6,727.3
24,6,374.78
17,5,1051.63
6,5,779.42
6,5,1402.0
17,5,511.12
43,3,273.1
69,3,352.1
3,6,330.18
15,6,658.58
4,7,1181.62
1,5,1396.73
33,6,194.33
28,3,2478.45
6,7,89.69
8,1,241.46
1,6,879.5
55,4,512.21
111,3,349.48
5,9,239.73
8,5,362.16
61,7,350.85
79,5,778.2
17,3,1093.01
2,8,368.26
2,6,605.33
26,3,611.44
15,6,749.61
1,14,515.91
27,3,796.25
1,4,434.18
47,5,1648.51
11,7,412.6
2,7,658.79
27,2,555.62
16,3,712.61
110,5,1225.5
24,4,3168.91
10,6,415.32
38,7,479.56
10,6,248.74
71,5,855.7
15,5,267.21
24,4,1542.78
2,6,2182.35
17,7,1045.76
54,3,823.82
50,7,301.62
8,4,1515.06
8,4,191.04
51,5,1027.18
80,2,424.04
4,5,1010.29
18,1,340.67
13,4,191.06
62,5,566.98
3,5,1156.6
8,3,1063.21
42,7,1384.68
2,5,574.43
21,6,1295.45
18,6,658.77
13,4,292.23
16,3,334.44
23,6,325.08
6,4,421.07
26,13,698.99
50,6,1346.58
43,3,1298.94
6,5,588.76
5,6,886.29
10,7,553.93
14,2,155.27
16,4,1336.99
35,7,1003.17
2,7,183.94
2,4,1132.12
15,5,976.22
36,3,355.05
7,4,866.75
31,4,2156.86
10,4,863.87
66,6,887.38
68,4,638.73
11,2,1077.22
8,6,1052.5
16,5,1190.78
9,4,732.07
34,4,520.56
53,6,904.76
34,8,1474.01
53,5,121.24
16,5,818.7
6,6,2233.38
41,5,805.27
14,2,1913.22
34,2,527.26
10,7,919.68
3,5,917.03
148,4,784.52
6,3,3382.6
134,8,606.32
114,3,483.83
48,4,627.57
33,4,172.83
26,4,919.05
61,6,305.96
11,4,137.82
19,5,449.75
29,5,804.63
16,8,497.81
17,5,499.62
13,1,386.95
25,6,2727.36
58,6,916.34
7,4,837.2
82,6,607.71
36,6,550.09
52,6,688.3
25,5,99.4
46,3,1445.26
1,2,1348.25
52,2,267.27
2,6,218.76
67,3,579.26
145,2,471.09
11,4,1614.69
8,4,983.79
44,5,757.78
9,7,763.0
61,9,735.98
4,4,416.95
5,6,305.85
117,5,305.57
34,7,250.25
57,8,546.89
12,10,716.27
34,3,720.54
28,5,125.37
28,6,876.74
35,2,1041.91
26,5,321.01
17,7,906.05
10,3,312.53
44,4,589.17
8,4,1177.82
36,6,388.11
8,5,1010.4
30,3,165.38
42,7,324.79
8,8,608.97
2,5,114.77
5,5,918.66
28,2,527.11
57,4,818.12
2,3,1154.58
40,6,179.58
13,8,1031.46
20,7,504.63
80,5,1518.17
13,4,665.52
19,4,1033.04
1,6,539.92
3,8,569.55
9,4,455.44
1,7,946.79
30,5,721.38
17,6,623.26
24,5,75.82
6,4,770.69
11,9,1667.42
33,6,716.34
101,9,404.74
2,4,216.0
67,7,1163.02
26,6,1874.23
25,5,1598.48
21,6,636.63
3,4,892.21
3,2,908.47
28,6,442.79
13,4,545.62
75,7,488.07
16,6,1583.68
5,2,408.12
38,7,957.3
11,2,1620.61
23,10,597.57
36,7,1358.22
70,5,1090.77
48,3,912.36
34,4,1100.57
35,5,1666.71
88,7,761.89
11,3,2933.78
1,3,3408.46
10,4,518.24
8,5,335.62
33,2,244.6
31,4,289.81
28,4,1255.29
1,3,1774.15
40,8,128.93
12,3,236.47
33,9,1572.09
25,6,365.88
13,8,1311.13
5,2,2008.25
3,3,755.43
54,5,514.69
76,5,1026.3
32,9,595.45
4,2,427.56
16,3,223.89
40,4,871.31
46,6,702.97
4,6,669.3
1,3,447.84
38,4,576.13
14,8,2101.08
9,5,755.14
1,9,803.61
24,5,464.28
58,4,1027.66
95,6,1514.38
26,8,426.96
22,6,1011.24
3,4,794.57
24,6,437.71
15,4,159.16
29,7,814.6
15,2,761.3
9,7,540.07
3,5,785.69
12,2,674.64
4,2,615.94
6,4,651.07
132,5,1540.24
18,5,441.85
23,6,588.7
63,4,319.9
163,9,1263.08
27,6,837.99
51,9,596.35
12,5,424.06
11,4,911.02
16,4,462.88
34,5,554.66
35,4,600.45
12,6,885.91
5,3,296.07
31,5,1365.47
5,7,477.85
26,3,396.63
36,5,1279.03
37,6,918.16
43,8,1406.24
62,3,537.21
21,5,1036.28
40,4,520.78
29,4,329.09
7,8,2103.64
1,9,1219.21
11,3,835.38
18,11,1028.11
29,5,1412.7
57,7,941.94
7,4,651.02
5,3,738.41
100,4,348.32
4,7,864.54
20,4,753.56
27,7,523.31
24,5,522.21
3,2,258.1
2,7,1468.74
4,5,1007.1
27,2,2032.06
24,3,766.17
8,7,304.09
31,5,488.74
52,7,1549.03
2,4,253.42
21,4,216.96
36,5,1259.25
9,3,570.89
12,4,1722.0
29,2,1402.94
69,4,877.64
50,5,388.94
27,2,324.68
40,4,1174.95
14,2,922.83
31,5,912.72
19,5,1021.23
7,9,1053.04
37,6,808.72
25,6,752.59
14,4,361.53
73,6,298.89
1,6,437.11
12,3,1588.76
2,4,427.55
44,4,754.91
37,6,510.49
13,4,483.4
34,5,395.09
16,5,1712.07
43,5,561.36
19,6,320.87
16,4,284.38
82,4,911.65
9,6,561.54
4,8,1327.53
27,8,127.36
105,5,721.05
15,3,408.55
2,6,1230.81
13,6,928.3
22,5,759.69
6,5,833.91
33,6,777.9
183,5,123.03
19,2,534.37
14,5,1318.53
16,4,600.91
4,7,392.71
65,5,492.16
17,6,1280.2
15,5,97.36
33,3,1064.08
18,4,1153.6
32,4,993.12
2,6,293.06
51,10,464.66
85,5,720.65
32,6,579.69
93,7,1011.9
5,7,354.06
20,7,1266.64
28,5,1096.59
27,12,246.9
16,7,298.72
13,4,231.35
5,1,474.35
15,9,912.25
6,2,346.66
40,7,1080.04
8,3,713.87
2,4,218.17
25,8,400.94
28,5,492.27
62,4,630.54
26,10,393.57
13,3,1699.84
49,3,1387.68
24,4,1014.8
3,4,624.87
26,4,1153.4
72,7,1147.77
16,7,371.74
11,11,713.06
5,3,806.79
5,4,907.91
18,2,1061.16
28,4,935.46
3,4,1802.4
85,6,1589.24
43,4,510.13
27,4,1033.31
53,3,929.16
3,4,544.18
20,3,984.96
30,8,589.17
53,3,1095.32
46,8,1549.54
10,6,383.48
85,6,1112.67
4,3,253.25
63,2,834.33
107,7,777.29
6,6,688.93
39,5,800.53
2,6,110.22
16,6,282.26
22,5,681.29
27,3,368.25
83,5,753.23
34,6,1015.65
20,5,1254.42
50,5,650.81
91,3,1140.57
1,3,752.88
122,4,813.45
3,6,205.77
51,2,564.02
10,4,307.17
5,6,1032.87
18,2,485.84
31,4,171.79
15,7,2463.46
2,2,266.73
28,4,152.66
70,5,133.5
15,2,540.3
8,8,356.11
18,5,485.37
2,2,839.75
52,9,1230.4
53,4,622.06
27,3,276.14
14,6,644.3
49,4,520.37
25,12,191.5
53,7,504.34
30,4,1062.93
47,4,782.79
28,7,326.1
17,3,1455.85
96,4,499.61
24,8,1486.43
28,5,308.28
8,8,1336.37
30,6,835.91
26,3,1354.94
7,4,897.32
2,6,636.11
28,8,298.79
44,6,1111.82
23,10,404.72
8,3,2260.8
33,6,866.36
3,6,842.57
18,7,656.1
6,1,1265.71
7,6,1499.58
7,4,1471.66
15,4,1111.49
2,4,1420.12
16,7,230.64
22,4,980.4
20,4,441.85
15,6,967.88
55,3,364.06
5,3,903.31
22,3,808.05
2,4,1732.6
3,4,494.96
26,8,543.56
26,5,771.3
64,4,272.87
25,4,396.36
97,5,1145.27
2,5,1310.85
4,4,1141.53
2,2,1041.38
7,5,414.33
24,1,499.93
32,5,2147.7
2,7,323.45
88,2,1462.85
56,5,1001.97
11,2,823.58
3,6,2797.53
6,4,877.86
5,6,650.66
4,7,402.75
22,5,1726.26
9,8,535.84
14,3,682.61
137,6,358.82
35,5,527.27
90,4,942.3
5,5,1301.09
15,7,899.03
25,6,884.26
3,5,973.87
1,2,466.25
34,5,724.52
31,5,687.73
16,6,860.37
21,6,456.56
17,7,2102.56
1,4,793.32
13,9,1903.31
6,6,925.67
4,6,103.17
95,4,765.12
28,4,526.47
40,5,310.82
12,4,2001.37
15,3,684.77
9,4,1581.61
4,7,977.49
6,5,1234.06
48,6,4126.94
34,9,558.48
24,3,217.89
20,9,495.87
77,7,556.11
3,8,357.02
10,4,1002.41
13,2,1002.37
46,8,281.74
147,4,671.13
9,4,1078.45
63,3,357.43
54,5,297.98
8,4,1191.34
16,3,336.33
16,7,392.62
115,5,205.06
6,3,465.02
49,3,1563.6
13,8,247.01
40,4,851.39
17,8,1335.32
26,4,1398.16
54,4,993.05
49,1,568.07
61,7,605.8
2,3,368.4
36,3,265.1
5,6,1777.78
17,5,1082.77
24,6,549.87
16,5,277.48
22,8,412.06
170,3,1655.15
5,5,567.09
34,3,843.1
16,7,444.3
5,11,1748.92
6,3,181.48
90,4,458.97
64,8,1166.54
72,2,1591.66
144,12,485.34
8,5,1181.03
14,5,1705.89
34,7,1355.52
20,5,256.82
17,4,1810.67
14,6,1174.59
28,6,1400.03
26,8,1185.16
6,6,2207.55
20,6,898.86
25,7,843.85
26,3,1919.61
8,6,125.17
41,6,2234.07
1,6,409.12
14,6,918.1
46,6,555.82
25,4,208.8
10,4,1062.79
36,5,659.15
26,2,2351.75
48,7,1346.68
40,2,826.49
29,2,809.24
21,4,770.59
5,5,934.81
10,3,254.25
17,4,516.34
28,5,927.35
22,6,440.07
11,5,158.48
1,5,752.5
21,6,1467.13
11,7,519.02
40,5,749.47
1,3,2760.77
27,6,1126.02
86,6,1142.43
6,4,225.35
20,4,949.78
3,4,1018.1
30,3,2323.27
24,4,642.86
16,6,173.09
23,6,655.46
69,1,401.66
7,5,216.28
1,2,458.01
60,6,1337.96
26,7,701.62
67,5,1746.3
28,1,214.86
50,6,460.56
17,5,105.21
42,3,265.07
74,5,559.05
26,3,252.67
6,6,259.41
10,6,1268.42
7,5,446.15
9,6,316.58
11,3,1070.61
25,11,286.72
27,4,1976.96
17,2,199.57
29,8,462.39
3,4,783.47
3,1,422.69
6,8,137.49
22,5,668.59
8,3,612.43
10,5,769.41
16,6,82.92
51,5,983.4
1,5,1447.27
32,2,259.52
34,4,1833.06
49,5,229.62
81,4,765.44
1,5,174.12
6,1,2148.99
66,6,507.4
19,4,1190.68
25,8,645.34
33,4,1076.71
35,4,1431.16
81,7,820.36
174,5,1010.91
39,3,2405.67
11,4,459.97
64,8,3407.4
2,2,334.37
8,7,524.73
69,8,1531.33
9,7,1238.65
8,6,883.11
5,9,883.74
59,4,415.96
21,3,1120.58
34,4,500.51
9,4,688.79
43,4,1410.27
43,4,1291.86
12,6,2203.3
16,2,894.81
8,5,658.37
113,3,934.25
32,4,143.38
82,5,908.89
11,9,198.73
46,3,469.48
44,5,294.32
36,5,440.94
102,7,399.63
16,6,1288.7
5,3,347.97
34,5,59.17
40,6,477.69
26,3,913.73
7,5,1145.97
22,8,1526.51
12,4,733.87
17,3,575.21
32,6,475.25
42,4,685.56
8,5,470.85
16,4,1877.27
10,4,588.21
7,9,1216.32
46,5,1474.91
72,5,1409.46
14,6,1126.65
42,3,839.39
69,4,167.62
57,3,1822.58
7,1,575.75
94,6,921.25
15,4,917.67
13,6,628.58
2,5,740.62
20,7,736.76
4,8,804.53
9,5,523.2
12,6,962.31
50,2,449.82
63,3,1058.6
11,5,192.12
59,10,627.33
59,4,647.44
44,5,1245.84
5,8,646.97
36,4,243.57
88,6,409.19
35,2,736.8
13,3,906.02
21,2,1275.45
32,6,557.36
22,3,878.95
4,7,556.84
12,4,315.46
49,6,1394.3
60,5,1601.0
5,3,485.89
92,4,985.61
12,4,1195.1
33,2,265.44
42,6,1250.84
51,3,985.59
88,6,391.11
12,4,169.56
59,5,611.12
5,4,1273.73
37,6,1820.14
41,7,626.21
34,8,1099.87
9,5,476.85
62,4,964.24
6,2,356.82
2,2,1909.43
38,4,559.6
20,5,404.78
57,7,479.4
15,3,2118.36
6,5,1062.95
55,5,1435.85
24,5,524.41
7,6,279.02
39,4,150.55
22,2,258.2
28,5,1497.88
19,7,1165.54
53,5,1535.15
54,11,690.12
38,3,1196.88
4,7,806.85
55,10,1041.45
34,4,426.07
36,8,766.68
14,4,1119.51
64,4,1756.72
39,6,1913.61
4,4,557.13
16,6,838.41
66,4,861.59
2,2,605.19
98,5,1214.09
35,6,376.15
30,6,1089.68
10,10,1047.47
9,7,212.71
86,3,303.06
11,4,867.44
45,8,962.94
15,4,607.98
5,6,1468.62
1,1,604.88
24,3,1060.81
112,3,160.31
14,9,402.62
14,9,652.64
13,6,1466.97
23,5,444.37
18,7,781.11
64,4,238.66
22,8,792.74
22,4,592.68
5,9,767.53
122,7,500.53
9,6,732.76
3,5,627.77
33,5,1875.87
28,5,589.25
17,4,820.44
17,5,700.21
47,2,70.79
7,3,1187.99
52,3,837.15
32,8,638.8
17,5,1487.37
19,6,831.31
9,4,805.26
42,4,711.07
22,5,502.31
12,3,1223.02
28,8,1603.2
164,5,735.6
18,5,753.71
77,5,554.26
13,6,85.23
2,2,1181.35
7,6,1271.94
17,6,268.11
8,6,138.98
1,6,1010.34
74,5,944.36
56,5,333.77
41,7,639.66
6,3,690.29
4,5,670.43
3,2,680.06
39,3,1088.72
80,4,1106.94
17,2,521.01
4,4,1467.37
22,5,916.08
13,5,1890.94
15,4,963.64
30,8,424.93
39,5,953.65
4,6,688.78
2,4,1523.71
156,5,247.38
8,4,467.83
2,9,380.21
7,3,1166.18
2,7,942.71
15,6,519.02
49,6,378.03
13,1,533.77
18,7,735.49
34,4,1175.42
22,3,736.4
60,6,633.32
61,2,2037.71
1,2,1106.29
46,4,1320.93
19,5,272.38
135,4,532.36
20,4,1097.75
131,5,812.9
43,2,338.8
9,3,411.66
24,4,942.13
146,4,215.39
59,5,951.83
4,5,920.92
37,6,117.27
13,2,332.04
1,7,621.05
16,3,1043.61
9,8,584.8
52,5,277.15
13,3,826.23
53,4,198.59
1,8,412.0
12,6,560.09
9,3,845.29
8,4,261.76
3,6,524.85
7,4,382.98
25,2,353.37
11,7,551.66
17,9,649.76
15,7,449.55
63,3,1010.18
71,6,571.93
21,6,1906.67
13,3,448.3
4,5,999.37
92,4,94.02
2,5,257.71
11,2,1422.32
11,5,859.69
12,9,450.07
6,7,1129.55
46,7,1050.2
4,5,953.94
31,2,786.47
4,4,932.81
3,7,838.8
73,6,1188.7
7,4,337.6
52,9,1342.66
24,7,187.94
3,4,911.83
94,4,460.37
9,8,654.47
59,9,752.29
6,3,1798.05
58,4,253.46
1,7,794.52
22,3,2045.07
45,6,514.81
82,3,390.15
72,6,2264.75
52,1,65.12
66,3,637.76
7,4,970.59
11,2,554.12
11,3,1379.38
15,4,1063.97
15,4,1264.23
24,4,198.22
6,3,2149.81
36,6,1383.98
6,1,480.86
12,5,985.68
21,6,576.44
48,4,525.28
41,7,451.75
32,4,476.07
6,7,122.95
24,5,413.09
3,8,959.13
15,3,713.98
17,3,2866.71
2,4,585.7
10,4,1200.27
94,6,2974.34
93,3,605.19
14,4,799.31
2,3,1585.68
6,3,1227.03
15,2,544.09
89,4,1538.9
5,7,385.78
44,5,548.2
4,8,1328.41
120,4,190.43
15,10,341.53
45,5,646.65
13,6,956.59
30,6,1751.01
7,4,348.35
5,8,859.68
84,4,1182.53
75,4,477.67
66,6,68.12
30,3,415.57
50,10,461.39
3,6,550.1
13,10,406.07
12,4,544.82
31,8,645.83
14,6,1371.21
5,6,1536.83
28,9,225.5
51,7,1483.76
15,5,620.59
5,6,741.45
7,4,795.21
9,12,191.09
11,8,485.94
31,4,423.18
28,4,1264.51
36,5,452.05
14,7,790.61
53,3,1272.18
7,8,529.31
19,5,1469.87
49,6,142.85
6,4,274.02
4,5,435.76
65,4,331.93
13,3,1060.64
35,7,193.23
1,3,948.48
36,6,359.2
12,3,111.38
2,7,218.18
29,7,520.95
9,4,1006.25
15,3,267.63
3,6,562.84
5,7,2333.07
11,7,378.47
3,3,390.42
73,8,171.63
1,3,169.19
20,3,405.62
4,4,1448.46
12,5,815.5
79,6,540.16
6,7,462.29
102,1,187.27
7,2,688.33
41,4,996.52
24,5,821.51
65,9,705.48
25,9,494.75
23,3,609.84
7,3,573.03
6,7,1544.96
75,6,643.02
12,6,1103.49
14,3,857.87
43,8,395.86
13,2,291.77
92,5,2484.16
41,3,508.11
28,8,426.63
64,10,818.7
2,3,123.33
9,4,332.0
19,6,236.51
8,5,684.39
41,2,277.77
76,2,774.86
17,3,203.56
13,3,1839.06
98,6,1346.48
18,7,1193.86
21,3,1430.76
13,4,378.07
73,7,1055.0
26,2,332.14
44,3,273.06
51,7,1360.93
13,6,714.47
18,6,1661.74
57,2,815.47
14,5,941.79
48,1,935.71
85,2,369.22
30,5,2033.81
41,5,198.86
50,2,343.73
56,6,1758.18
16,4,1253.76
2,2,591.48
16,4,1200.9
34,3,1159.79
18,8,1019.25
42,6,537.46
14,2,2542.82
31,7,772.39
7,8,263.89
42,4,455.76
24,7,937.46
7,5,248.47
11,4,287.56
42,4,1086.7
20,5,2606.75
8,5,635.64
103,7,964.51
38,5,830.02
95,5,472.09
17,7,271.03
20,7,851.02
69,7,316.77
23,5,876.39
37,8,964.19
9,5,566.38
18,4,437.33
4,4,1513.0
7,6,650.95
1,5,1938.3
2,4,861.42
114,4,2250.5
9,2,454.72
33,6,372.1
55,2,919.06
24,3,921.4
5,9,1206.43
40,6,623.75
28,6,718.44
40,4,539.49
45,2,693.52
112,3,375.24
26,7,631.42
13,5,894.05
32,3,1005.07
3,4,303.52
69,7,888.61
4,4,1289.47
12,5,1011.91
51,5,175.83
28,8,671.45
16,4,599.3
20,6,305.72
58,6,240.32
13,5,931.32
62,5,850.94
3,3,530.72
45,4,878.01
57,3,750.1
7,6,144.07
17,4,233.14
6,1,971.2
37,8,528.26
23,3,1294.7
31,6,884.08
7,4,255.68
8,5,304.21
2,3,276.64
12,8,1467.22
25,4,1213.72
59,5,409.64
33,4,1548.79
18,6,1628.8
92,2,2252.34
39,6,1734.6
80,3,1871.79
23,5,456.31
9,2,1243.45
2,4,772.28
39,6,690.58
4,5,459.79
11,2,285.52
23,7,585.96
25,5,416.72
28,4,790.79
6,5,1142.81
15,8,770.8
29,5,663.91
106,6,850.54
40,5,1016.45
77,4,714.02
44,6,642.63
27,3,1303.63
7,5,483.18
33,3,813.17
30,7,4267.72
28,4,872.38
21,3,145.91
23,3,505.93
13,9,104.58
22,4,1105.96
7,5,138.55
50,4,100.9
7,6,994.17
3,3,283.2
18,2,567.25
33,6,1227.61
18,11,649.53
10,5,1626.5
25,5,933.95
13,9,364.26
82,7,2120.49
77,2,876.44
21,4,946.01
12,3,392.33
41,5,439.64
2,2,511.55
20,2,944.36
13,1,730.4
76,6,183.43
1,4,1463.07
25,3,378.72
41,4,2102.95
20,3,2240.87
3,5,723.41
108,6,821.53
22,4,1263.03
29,4,849.6
9,3,639.94
20,2,661.04
17,5,823.46
3,5,222.87
4,3,425.87
55,4,994.6
9,3,573.36
7,6,308.73
22,4,629.73
44,8,1753.37
2,7,2133.49
26,3,1825.85
4,4,1201.09
2,7,1237.68
2,8,406.69
54,4,498.88
4,5,285.48
2,6,1273.44
18,6,952.37
56,5,739.35
10,4,1053.54
17,8,161.01
2,8,301.4
18,6,1007.29
26,5,572.16
26,4,557.8
13,5,425.82
12,1,1202.25
4,3,534.35
14,6,237.67
4,1,647.77
44,6,1239.99
102,7,1614.34
106,6,1529.38
61,5,128.59
28,6,1069.48
37,3,861.97
11,7,668.85
30,6,1301.04
19,3,776.26
20,6,843.57
43,5,388.42
10,5,1710.62
12,8,1178.05
78,4,499.34
2,7,1365.4
20,12,235.17
74,5,518.24
29,3,386.14
24,6,1039.33
9,5,574.5
13,5,185.37
58,9,375.05
25,6,319.67
22,4,560.34
4,5,286.21
1,7,450.7
100,6,246.63
15,9,1185.85
28,6,1838.54
3,8,2983.12
35,4,890.95
81,4,388.3
26,4,861.72
5,4,2069.98
27,3,683.63
44,6,1390.85
16,6,97.31
64,4,965.31
32,6,215.34
69,3,1973.92
30,7,1332.49
5,6,1317.51
12,4,305.61
7,5,745.04
72,2,318.41
43,3,1050.44
34,5,461.87
11,7,852.93
7,4,878.62
43,6,1130.5
20,3,683.35
8,8,1009.46
29,5,735.81
2,3,276.54
12,5,1022.96
19,7,999.82
5,4,240.86
126,4,307.93
8,6,415.46
5,4,629.31
7,3,373.93
44,6,678.58
17,3,505.21
26,9,2028.08
1,2,1045.08
2,2,1257.7
18,6,296.13
51,5,744.32
65,6,644.98
3,4,365.93
24,3,808.03
74,5,1192.59
15,6,443.57
54,7,1185.99
5,5,440.82
83,3,2053.81
42,6,1012.5
86,6,1450.03
34,3,298.71
14,6,244.45
84,6,832.89
10,3,548.25
13,5,890.42
37,4,365.05
44,2,965.52
80,6,1630.24
7,2,623.93
48,4,287.78
41,7,1178.13
2,6,672.94
15,4,329.39
10,4,1344.6
11,1,1095.68
123,8,757.51
31,6,153.33
38,5,521.96
113,5,730.0
15,5,812.9
49,6,293.99
18,6,640.28
62,4,444.9
6,8,315.75
89,6,1517.76
8,5,365.92
12,9,2855.73
43,5,834.27
16,2,567.29
29,3,869.85
18,7,901.06
41,3,892.18
8,6,150.55
2,4,992.23
11,5,762.1
20,2,884.83
6,5,532.93
14,4,1282.67
16,5,1495.85
2,5,332.2
27,3,503.07
65,3,2017.39
5,4,1211.46
28,3,607.75
33,5,663.02
17,8,592.65
37,4,450.02
16,6,889.9
22,5,586.58
1,6,1684.94
36,4,479.41
33,6,1067.34
2,4,1692.19
14,3,1486.24
116,4,629.25
17,3,666.75
21,4,451.72
73,8,502.34
38,5,1207.41
27,2,1594.43
48,6,470.55
60,5,408.53
19,2,1365.43
20,2,921.29
15,6,335.3
103,6,288.03
36,5,327.6
3,1,396.18
60,3,1080.73
20,6,694.15
3,5,1816.83
24,11,457.26
17,2,688.27
64,2,1280.28
7,7,369.61
53,5,344.99
25,4,279.3
2,4,875.73
108,5,417.2
22,3,665.47
11,5,400.55
20,7,2067.55
59,4,346.72
11,4,1065.52
7,7,625.69
5,8,770.32
11,6,1538.28
46,2,1542.63
20,8,469.36
8,3,831.23
6,8,432.2
13,5,1483.53
85,2,91.83
13,3,716.73
133,6,700.43
20,4,323.3
6,5,1369.65
67,8,118.21
19,7,475.23
38,5,564.88
124,6,1287.79
2,5,2162.09
4,3,1166.86
39,4,831.92
10,5,1936.31
7,7,306.72
2,4,1258.7
1,9,369.81
45,4,674.01
5,6,1089.66
19,3,947.66
28,8,475.84
17,3,281.84
1,6,1177.75
46,7,498.78
1,5,1056.18
44,1,1219.7
68,4,2209.33
18,5,328.67
24,4,526.04
20,5,867.55
15,2,2352.83
66,3,248.5
68,6,743.38
13,4,1160.61
29,4,396.78
79,6,359.54
99,4,2180.69
22,3,1102.74
19,7,493.39
10,8,371.64
96,4,2925.49
5,5,1269.67
27,9,371.95
10,6,2735.51
10,2,1500.85
16,5,1151.73
202,5,1510.18
2,6,2589.34
26,5,1025.78
3,3,338.11
6,5,722.91
18,3,1134.16
22,4,452.32
9,5,425.99
12,4,960.98
3,8,613.95
11,6,1433.71
102,6,811.22
87,8,206.53
13,7,2344.16
26,6,629.18
73,11,734.39
1,6,592.85
50,4,394.22
89,3,1044.88
3,2,981.31
6,6,1841.56
98,10,344.45
24,4,659.22
1,6,375.32
9,6,324.0
18,4,546.93
36,8,385.13
40,3,765.22
162,10,637.78
11,7,567.23
24,4,1194.15
23,1,1030.8
16,10,1557.86
6,8,699.88
114,5,297.62
58,2,1549.82
21,6,1032.71
28,6,400.01
8,3,301.74
24,6,331.49
36,6,782.09
22,6,2128.34
140,3,527.54
29,3,1016.09
14,6,803.98
45,7,705.21
6,5,542.17
15,2,689.21
13,4,904.72
17,5,751.32
46,7,1148.79
20,4,1310.64
48,5,617.73
26,11,1112.6
13,4,1480.1
50,3,635.86
9,11,1146.62
8,8,921.97
22,5,1749.19
10,5,1219.16
1,6,355.63
32,5,372.88
22,2,566.95
18,7,732.81
103,5,406.53
26,5,668.87
60,3,1525.07
5,3,1524.84
26,3,716.91
61,7,449.42
27,2,1105.64
38,8,1552.21
14,4,1018.97
3,3,796.41
19,5,1206.22
16,11,520.2
61,4,1490.55
9,5,601.2
103,7,506.35
96,6,1998.9
9,5,493.14
13,4,584.96
68,5,1213.98
102,5,228.93
18,6,1414.98
12,4,2430.16
23,4,651.66
35,6,437.89
10,4,484.91
41,6,614.44
2,5,1572.69
2,2,1330.13
15,5,1019.34
14,8,772.34
12,5,346.69
21,4,811.08
12,9,339.63
7,5,483.37
12,9,778.22
111,3,865.18
16,10,1178.74
18,2,1128.88
26,4,2126.14
123,2,500.11
9,5,1154.7
35,7,1009.32
38,5,1059.55
29,7,1539.56
3,6,1012.09
34,2,677.32
2,4,1119.2
28,5,563.52
41,4,517.95
8,5,316.74
56,1,1804.09
1,4,2507.05
56,6,1201.72
19,4,280.62
8,2,859.93
5,6,889.45
92,6,1100.72
3,3,524.91
7,4,830.05
13,6,1194.76
30,6,1020.46
24,3,1069.84
5,4,703.8
11,4,528.84
9,4,1387.21
8,4,110.23
16,4,1902.69
37,5,645.74
8,6,862.81
14,6,800.3
15,4,2147.36
113,3,582.86
93,10,2127.62
49,2,1097.79
9,6,1649.38
3,3,1406.83
12,2,554.77
10,4,151.32
22,4,567.12
46,4,101.36
59,5,708.8
56,3,1894.68
14,4,330.05
35,7,805.17
12,5,703.79
2,4,1752.56
37,8,129.16
1,5,1557.28
16,6,223.74
12,5,1098.43
36,2,670.94
44,3,518.76
11,5,819.39
51,9,485.52
11,9,694.76
18,4,1989.24
39,3,392.06
36,3,214.99
132,3,411.94
8,7,690.98
33,4,686.26
29,7,477.53
74,3,1388.73
6,5,1634.93
42,5,407.44
26,5,460.91
10,5,535.14
20,5,1094.22
13,4,253.29
26,8,909.75
66,3,596.61
26,3,459.09
30,3,1843.04
22,4,456.69
2,3,518.59
8,6,1962.07
21,3,771.34
12,3,1806.03
7,9,1275.63
22,8,378.33
12,7,747.64
9,2,945.91
19,4,1844.67
5,4,425.61
79,6,1145.69
61,3,4003.85
37,4,541.06
4,3,847.26
45,7,796.16
50,6,1181.87
44,8,767.46
4,2,869.51
31,3,908.12
54,7,331.33
26,7,1842.71
32,2,803.6
19,3,217.94
23,6,1892.55
2,3,943.18
31,4,702.0
3,5,1151.96
18,5,595.28
11,7,2030.57
24,2,317.68
5,9,1829.31
36,3,742.97
48,8,1821.01
6,5,1126.79
4,5,651.72
5,2,421.71
63,4,247.28
23,7,504.31
19,8,1699.05
4,7,2235.45
32,9,854.31
61,5,135.67
53,3,479.58
30,3,236.59
3,7,1274.1
4,6,590.21
2,6,643.37
9,8,541.96
5,3,592.68
10,2,250.66
15,3,301.59
86,7,873.62
29,10,714.01
55,5,482.35
38,7,2461.95
4,3,1157.87
40,5,432.08
10,4,514.76
31,2,660.6
13,6,1030.25
182,4,472.62
10,3,764.9
10,4,1652.09
81,6,713.03
1,2,611.62
36,3,411.41
39,1,1236.26
55,2,897.39
111,3,402.75
112,5,900.95
3,7,1113.06
52,4,1353.09
32,3,776.84
32,7,570.77
5,3,1491.56
32,6,1365.84
122,9,1273.21
73,4,845.75
18,5,1101.26
2,5,3086.84
14,7,832.14
53,5,618.9
37,7,981.95
19,6,1231.7
2,5,421.0
17,8,1131.29
19,10,649.61
80,7,2356.83
31,5,321.17
12,4,1432.78
23,5,2932.33
3,6,288.36
108,4,1759.89
14,6,526.75
20,3,206.66
14,6,456.35
35,4,1218.47
33,3,1147.73
38,1,715.96
10,5,288.73
12,7,241.85
5,4,865.96
32,4,327.38
2,5,559.83
28,6,299.8
62,3,1057.1
67,2,418.32
18,3,1649.29
19,10,378.43
3,5,1039.04
34,2,113.71
52,6,1927.87
9,4,1470.93
17,3,1477.61
55,6,1140.73
63,6,1040.03
9,2,865.81
24,4,406.75
7,8,208.9
4,9,708.0
73,5,473.97
52,6,372.81
43,5,928.27
2,2,1184.6
56,8,862.29
18,4,194.66
13,5,1827.21
24,4,261.31
3,5,208.47
43,7,928.56
27,6,727.51
7,5,686.33
7,5,767.29
7,3,774.4
2,7,393.5
27,6,663.68
56,7,410.76
1,9,507.62
2,4,918.7
26,8,377.22
52,5,494.65
12,6,225.34
13,4,640.32
28,5,1131.44
10,6,309.99
1,10,475.3
40,5,238.75
30,7,558.28
27,5,613.46
41,6,905.69
34,5,766.93
7,6,1514.53
14,4,208.87
5,3,315.94
5,4,135.96
34,6,324.91
59,2,1344.93
99,3,1590.71
30,5,934.17
7,6,481.85
4,2,693.62
51,3,811.88
26,5,703.42
29,2,406.49
46,7,379.41
37,4,419.3
54,9,397.94
2,5,1333.15
42,4,920.96
58,5,1285.59
11,5,691.12
31,5,978.52
12,7,964.85
96,6,709.22
2,4,731.98
27,4,924.04
6,6,829.3
38,7,1928.18
6,5,540.72
9,7,694.95
21,7,678.86
74,4,687.92
8,5,1597.92
5,7,329.81
43,3,1459.59
21,3,508.55
73,5,3283.47
5,4,348.51
32,6,652.68
8,5,364.02
6,6,2575.36
35,6,467.82
28,6,924.59
43,5,559.29
12,7,720.25
18,6,1365.79
16,4,143.19
125,5,217.89
11,3,734.46
11,3,876.91
14,5,927.7
25,3,1558.43
9,8,1218.7
75,6,74.13
10,6,126.92
68,5,250.13
4,7,432.58
33,4,648.75
72,3,761.12
6,3,405.13
104,5,1309.53
19,5,344.12
88,3,2314.64
34,8,810.11
11,4,1587.32
7,6,566.87
11,4,819.27
3,4,660.3
5,5,192.81
4,9,786.6
17,3,251.8
48,4,606.67
5,8,655.66
5,3,2481.78
31,6,1222.61
7,4,699.2
4,5,845.99
6,4,1247.22
78,5,1134.01
52,5,748.29
14,1,472.59
32,4,1161.14
24,6,177.97
34,4,999.08
35,5,2440.79
30,7,443.26
10,3,418.47
2,2,669.98
19,8,3395.55
67,4,170.65
26,5,1070.02
54,6,313.95
144,4,270.76
6,3,913.67
36,7,1331.73
34,7,814.73
118,6,98.27
128,4,238.42
35,4,775.5
9,1,1655.24
49,5,844.53
4,6,84.98
46,10,1845.18
73,3,994.94
15,4,648.55
30,7,695.13
17,7,217.43
18,5,1146.65
12,9,1221.81
44,6,1562.23
83,8,1170.27
85,6,2160.54
6,7,1236.6
63,6,1229.27
41,3,331.33
9,2,238.76
3,6,818.9
10,1,744.68
73,2,122.71
31,2,749.11
39,5,1625.8
9,3,1385.87
39,2,2590.87
1,4,1171.13
15,9,1715.05
30,6,1481.76
5,5,1809.32
52,3,489.57
9,4,317.52
32,6,2141.61
16,6,275.35
28,2,586.39
4,5,589.25
1,2,711.73
73,8,619.49
10,5,769.62
52,2,1000.14
221,2,936.9
8,8,132.2
10,2,520.29
33,5,634.83
101,10,1757.49
75,4,188.68
21,6,1336.53
48,4,1219.46
5,2,865.77
114,6,887.27
101,5,522.31
6,8,582.2
11,4,1222.68
4,5,391.89
10,9,831.24
51,4,469.71
15,6,1036.61
3,10,637.76
13,5,322.24
120,8,1310.71
30,5,363.82
17,6,797.38
6,6,2029.31
129,2,1258.69
52,6,818.07
10,5,521.11
3,5,2421.35
2,7,797.28
4,4,820.41
27,4,865.3
80,8,392.55
21,4,734.02
56,5,728.39
18,3,471.69
37,6,1536.26
40,7,1647.72
6,3,632.15
14,6,1682.24
31,4,970.14
3,5,550.07
14,7,1279.3
23,1,222.16
168,4,833.34
20,5,1672.73
51,7,407.22
17,5,306.0
48,4,768.64
28,6,738.3
66,4,291.48
16,5,88.93
28,2,123.26
30,6,1733.85
17,4,119.68
5,3,1484.66
3,5,257.35
1,5,479.93
63,5,336.16
9,2,433.62
8,3,1349.03
40,9,394.14
12,3,1267.64
22,10,502.64
6,3,731.79
97,2,269.68
58,2,1027.13
60,3,1227.69
16,7,838.44
44,3,479.44
5,6,617.56
1,1,390.13
1,5,263.94
27,5,961.17
19,7,384.72
22,5,914.28
1,4,1108.51
17,4,663.62
38,2,1559.26
18,6,789.35
40,5,794.11
8,2,379.78
51,2,1082.65
27,10,2165.68
8,6,390.82
9,2,421.29
30,4,1106.11
54,2,742.03
17,8,954.73
9,4,706.15
61,6,2511.01
34,5,347.36
18,7,1307.03
21,7,556.43
7,5,594.87
30,4,623.89
14,4,1343.28
164,6,1613.52
20,4,320.71
20,4,254.63
26,4,621.27
75,1,1288.18
49,3,409.6
18,8,694.94
39,5,252.14
27,2,431.19
21,3,1021.22
7,5,290.69
19,6,230.39
9,2,997.11
74,6,866.39
13,5,580.23
92,5,959.59
23,8,1030.17
30,2,464.37
24,7,232.56
5,4,938.23
15,4,264.6
4,3,1643.1
30,10,834.7
18,8,1157.72
46,7,623.25
8,5,514.95
6,4,1606.52
16,3,871.21
79,8,1240.5
38,5,1568.28
17,6,1317.5
22,5,2490.07
3,4,1158.33
126,9,315.11
33,4,569.67
11,4,908.26
27,7,320.26
4,6,969.64
102,6,625.07
6,6,544.46
32,3,2080.23
9,6,1221.45
38,4,902.07
45,6,1061.95
34,8,312.14
29,4,1996.47
67,5,1005.67
3,8,488.54
13,5,849.81
9,6,1646.87
133,3,1252.02
15,3,949.72
40,2,1331.21
35,9,531.97
8,5,1209.13
9,6,257.25
10,4,653.25
16,7,1031.23
9,5,1285.97
1,2,314.18
64,5,823.62
102,4,805.54
13,4,125.92
13,8,1026.14
1,4,430.61
35,4,615.74
53,6,933.98
5,9,644.52
6,6,283.02
47,1,470.19
29,9,967.25
2,8,358.97
30,5,933.95
12,5,878.95
14,3,641.46
45,8,1135.16
50,3,1350.94
16,7,589.3
89,4,509.13
16,4,548.07
45,7,761.16
20,5,1006.82
69,2,2167.17
72,7,390.96
3,6,301.56
83,10,294.23
53,7,684.17
48,4,666.48
7,2,564.84
50,5,1575.52
57,4,1554.17
11,8,1264.61
92,5,585.72
2,4,900.26
5,4,1151.37
24,4,2197.5
26,12,705.29
32,7,791.86
1,6,462.9
97,3,1628.62
2,4,1635.62
5,10,774.64
1,6,289.49
26,7,524.88
81,7,2007.91
33,6,358.27
52,3,911.54
1,4,1066.21
24,2,279.74
19,4,352.62
21,4,823.06
3,6,926.79
35,4,517.62
21,6,777.68
44,5,1393.43
20,4,2192.67
5,1,144.39
32,3,1572.7
6,6,353.87
62,4,799.09
29,5,1223.24
6,5,165.53
99,3,433.59
22,5,1048.16
3,5,579.95
30,1,609.18
9,2,300.62
49,4,334.85
52,4,380.59
116,1,1295.83
21,3,661.19
19,6,240.31
43,3,1115.32
5,2,1325.38
24,4,151.28
24,4,1485.55
3,6,280.13
17,6,1306.22
58,6,1078.67
59,3,514.75
4,5,143.15
3,10,996.73
10,3,694.22
63,3,1253.43
5,4,767.97
39,3,675.2
4,5,913.56
30,9,724.37
14,5,1561.57
47,3,602.23
8,3,1318.55
31,4,1017.44
9,7,830.78
38,5,176.57
63,4,653.54
5,3,262.97
61,2,475.64
28,2,451.07
5,5,1342.33
17,4,734.4
6,8,1434.39
37,9,249.19
43,4,619.26
4,6,2464.69
22,6,864.55
51,2,417.43
83,4,322.33
22,5,1137.5
91,5,657.35
24,2,1336.67
16,4,203.14
57,6,64.68
21,3,558.72
20,4,662.24
21,5,235.91
57,4,1435.52
54,5,976.64
16,7,1367.31
13,4,1375.47
21,6,265.07
26,6,863.19
9,3,1071.15
48,4,1331.89
20,5,1820.38
13,6,1655.43
4,4,272.89
9,5,739.42
90,6,605.08
11,9,395.58
6,3,531.12
19,2,1762.56
12,4,861.65
2,6,122.56
12,6,181.6
24,3,580.26
25,6,2282.17
14,8,257.53
18,6,1306.96
102,4,778.42
15,8,1115.3
9,3,1159.82
9,4,2198.21
19,3,1239.69
43,4,613.16
7,6,472.79
38,3,1860.49
1,3,538.49
17,3,887.93
45,6,228.34
13,6,250.29
25,3,745.45
7,8,250.53
41,8,855.31
2,4,246.44
58,7,1265.07
7,5,552.55
63,5,1140.45
14,10,1114.43
39,8,1051.81
12,6,918.57
71,4,899.39
5,7,583.89
6,5,681.61
21,2,1862.03
3,4,1328.26
7,2,684.77
87,3,369.03
113,6,353.7
15,10,832.16
78,5,1291.2
24,4,1101.09
10,5,4566.87
37,6,274.05
33,5,394.89
136,7,1490.8
10,5,479.75
34,4,514.48
2,8,2271.75
4,6,1154.06
1,3,1059.88
226,5,164.86
49,4,823.3
47,3,424.28
22,7,479.91
11,4,1785.45
5,3,360.44
11,4,696.1
15,6,845.66
43,6,550.95
24,8,348.59
3,4,804.83
1,1,804.56
4,4,987.97
16,1,1287.88
82,6,421.58
31,5,325.27
49,6,752.58
19,8,355.74
14,6,1171.21
4,10,615.69
63,4,1708.65
46,3,440.0
6,4,812.96
22,8,518.73
21,2,278.57
30,9,526.2
88,5,419.0
27,2,346.59
24,6,194.21
2,5,1271.15
2,3,546.01
7,8,4518.9
1,7,957.87
41,4,350.69
39,7,684.99
5,5,567.98
55,10,533.94
6,5,883.64
11,4,637.49
9,2,919.82
14,4,517.62
9,5,279.05
21,5,761.29
16,3,483.7
130,4,1446.74
2,4,721.71
5,2,257.48
2,5,304.34
30,2,1107.52
2,9,184.1
55,3,1554.45
22,6,178.82
23,2,562.51
25,5,2094.58
6,5,1073.91
7,5,959.88
12,4,294.09
28,4,1904.57
8,6,977.32
4,8,2065.27
106,8,357.39
1,6,480.64
49,7,277.82
47,3,441.36
11,2,458.64
5,6,1231.91
5,4,610.9
36,7,1002.68
31,2,886.32
46,6,236.64
84,4,920.73
36,5,968.97
6,6,907.7
9,4,602.66
56,4,2035.42
8,4,1395.01
3,6,338.29
37,6,2134.98
16,3,721.21
76,5,590.85
32,6,312.78
3,12,685.81
89,5,1098.42
9,1,568.11
13,6,1064.52
16,5,1855.03
2,2,1750.29
21,10,643.58
4,1,952.84
16,8,724.4
13,3,1214.15
45,6,1055.94
49,3,640.82
5,4,859.43
14,5,958.9
15,4,1765.26
5,5,714.87
49,6,1135.95
37,3,607.58
7,6,842.61
14,9,658.25
4,5,365.7
30,6,236.89
4,5,563.7
128,4,648.28
46,6,939.75
15,6,1269.08
26,4,415.33
73,4,554.82
25,8,1103.63
6,4,751.21
15,7,360.98
56,3,810.66
32,5,380.75
32,4,1068.74
61,3,2057.09
68,6,1120.86
76,4,1566.62
3,2,268.07
24,4,866.48
41,4,1110.08
43,3,251.35
28,6,851.75
6,2,870.05
48,6,240.47
39,4,743.19
3,4,947.28
19,6,1117.25
6,3,291.98
13,7,163.36
1,5,857.39
16,7,580.83
24,3,1575.45
29,7,2528.14
33,5,1167.37
55,12,1907.99
8,9,479.8
4,5,1144.91
58,4,441.33
6,4,1225.88
111,5,987.94
56,3,1267.27
21,4,355.2
120,4,1126.25
4,4,1503.51
11,2,956.54
31,8,851.15
13,8,509.76
80,6,3367.22
3,5,839.54
24,2,780.38
27,4,726.5
32,4,556.09
9,5,1163.26
14,4,1302.62
56,4,1186.67
7,4,2398.21
53,2,326.17
25,9,764.99
44,6,194.52
38,7,705.96
7,9,1223.32
26,3,354.71
61,6,260.82
17,6,238.68
102,2,239.31
19,5,1334.39
5,8,305.86
15,6,1255.27
91,4,614.06
12,6,395.34
61,3,867.9
64,3,692.66
13,6,494.13
3,5,177.52
39,5,439.85
12,5,557.32
46,2,716.53
18,10,761.32
20,3,446.89
46,6,899.56
15,6,1117.55
18,3,1800.05
15,3,1272.42
14,4,215.4
23,6,1310.29
50,12,1713.34
14,7,1999.8
23,4,286.46
34,5,629.71
10,4,209.68
10,5,625.29
82,2,406.42
39,4,803.58
26,4,1143.48
32,3,655.42
1,4,2607.07
29,6,1068.66
22,3,1061.23
24,4,1122.48
14,8,246.02
3,4,1145.46
7,6,421.7
91,3,1018.16
16,3,740.34
19,7,653.48
2,4,419.44
2,8,566.4
38,3,680.96
24,6,460.58
22,3,169.99
9,8,1164.74
41,5,452.57
6,5,569.02
7,5,652.95
19,7,2035.57
11,7,1215.98
9,7,129.28
32,9,1407.09
32,6,190.92
53,6,897.23
17,7,983.69
3,4,311.17
10,7,414.43
118,5,492.23
28,5,446.29
38,6,256.86
1,5,1041.45
22,6,272.6
2,4,551.75
26,4,487.06
77,6,505.76
104,4,602.63
24,5,695.25
19,6,60.9
88,4,298.96
34,4,1443.86
3,4,1102.81
19,6,124.26
9,3,358.37
20,6,627.21
19,2,295.07
27,4,639.68
14,4,327.0
6,5,1350.19
22,5,1167.17
54,5,1773.02
33,5,1079.22
13,6,955.89
83,7,307.07
73,6,408.09
8,9,1005.71
2,3,488.77
41,3,1132.69
53,2,225.6
104,3,743.94
67,4,658.14
28,4,379.12
23,3,702.63
1,9,296.65
9,7,643.67
19,2,210.48
30,5,416.69
25,3,1465.45
41,8,1440.83
10,6,610.89
25,4,808.83
3,3,1678.82
17,4,583.35
42,5,239.68
36,4,891.11
141,4,510.12
10,7,1618.86
21,5,367.17
12,7,437.46
18,4,768.55
59,8,1469.12
35,5,1123.28
65,7,778.45
7,2,1076.56
62,6,2097.67
2,7,655.89
66,11,267.96
12,5,764.62
12,10,1623.26
22,4,362.31
85,8,301.23
2,3,1280.42
14,6,302.99
59,4,917.52
16,5,631.95
7,8,1068.24
17,4,1310.98
15,9,365.47
75,4,309.13
44,2,1384.37
22,5,932.47
134,5,481.71
19,4,117.76
2,5,233.33
10,5,882.72
18,5,604.86
6,3,1383.85
89,3,1347.7
44,4,464.84
10,2,791.74
27,4,1207.23
39,5,520.98
86,6,1419.98
65,5,1674.91
22,7,962.57
45,3,482.73
25,3,1729.61
25,4,663.17
4,6,383.96
5,4,390.63
23,8,519.3
10,6,1450.87
1,4,760.94
39,8,864.72
1,6,1271.95
28,3,322.0
24,7,783.78
105,5,491.27
20,7,163.51
2,3,950.34
25,7,1021.26
56,5,950.73
173,7,1529.13
17,3,1401.69
12,6,748.65
72,6,428.66
7,5,1282.2
29,8,1707.4
16,4,710.1
2,6,1193.74
13,7,1058.36
10,8,1006.93
35,3,384.14
90,1,532.57
10,5,1136.7
51,4,632.88
2,5,1171.35
24,5,721.42
3,6,716.55
82,2,357.88
44,7,1870.91
33,4,1067.81
53,2,2558.18
32,4,1448.17
105,2,607.35
38,7,481.25
78,4,1627.28
22,5,254.38
4,9,972.88
23,6,1028.04
5,7,1052.25
27,4,1538.76
20,4,858.53
30,3,1062.86
1,4,1556.75
7,5,345.22
21,2,282.54
91,7,1490.09
15,5,484.46
17,3,1131.67
38,6,2630.72
28,8,1484.76
11,4,128.18
16,1,1644.23
8,2,350.93
102,3,1366.56
5,3,964.39
14,8,2294.22
1,2,348.55
8,5,255.21
46,4,871.95
7,6,392.63
3,1,1027.41
20,6,491.69
1,3,449.23
3,3,149.89
50,4,445.13
45,5,852.47
75,4,773.53
58,5,657.75
35,7,541.52
2,5,1113.0
46,6,182.34
57,6,1154.07
49,8,2040.79
22,6,966.37
8,5,108.1
56,5,607.1
39,7,939.84
119,5,102.42
6,4,1108.39
8,7,2471.59
8,8,113.49
48,6,768.85
7,8,3181.33
3,4,222.54
197,4,972.78
1,6,1218.0
55,4,517.92
14,8,1353.47
56,5,2348.89
25,5,867.14
70,5,970.6
79,6,878.64
1,3,937.83
3,3,523.29
9,6,1132.55
34,6,816.0
66,3,562.57
19,4,388.39
29,8,658.75
7,5,250.62
50,3,1823.08
103,4,1661.45
10,8,583.96
21,4,404.08
3,9,853.97
25,4,679.07
21,5,181.58
5,7,1087.05
18,2,1371.56
13,4,940.26
23,3,447.16
27,7,1098.67
1,3,730.74
43,7,1743.47
38,6,1639.1
14,3,816.89
2,2,1676.24
43,3,403.48
94,4,864.93
9,7,1714.76
12,3,1476.23
7,6,1318.2
26,6,875.37
6,5,1456.73
14,3,1514.71
36,1,746.51
25,4,669.52
15,6,1420.09
17,3,793.54
25,7,472.96
1,5,685.6
3,5,1104.27
64,9,3094.08
3,5,446.07
37,9,393.84
76,8,1064.22
10,5,947.55
14,5,1043.58
26,5,2001.86
65,4,1155.08
86,7,367.66
41,3,227.6
3,4,973.2
34,5,595.0
16,7,1220.28
20,5,669.58
2,4,1058.12
7,2,595.18
47,4,2170.27
19,5,356.28
11,5,407.54
15,3,647.83
58,6,1015.28
42,7,2819.92
10,5,1710.74
4,5,337.28
9,4,1379.0
77,4,337.52
27,3,328.3
23,4,941.69
28,5,421.11
14,4,1270.37
50,6,372.25
23,8,594.35
4,6,474.31
5,2,813.68
24,3,489.26
83,1,306.94
12,3,1047.1
62,6,848.19
44,6,1061.04
9,2,191.24
2,3,826.99
4,4,1626.29
40,2,1802.38
7,4,737.31
14,2,327.84
21,6,325.35
39,7,516.48
4,8,1176.69
16,2,277.05
20,4,1087.55
24,6,1038.1
52,5,644.98
6,4,661.62
50,5,1095.2
36,1,1044.69
25,5,430.28
37,7,675.01
16,8,625.36
5,5,785.61
33,4,274.64
23,8,848.13
31,2,668.27
13,8,415.81
72,4,549.23
27,3,642.59
3,6,595.99
18,6,511.69
43,4,557.09
48,2,1594.54
21,3,685.99
68,11,360.09
10,4,1763.51
16,5,1078.75
69,5,1068.95
68,2,478.82
35,5,990.47
59,6,554.99
3,8,451.02
61,7,2498.49
12,2,307.0
6,4,516.21
9,3,463.64
17,3,1208.06
9,4,1838.71
12,9,772.71
5,3,844.95
11,5,204.84
26,3,739.45
18,2,710.45
13,6,658.04
42,8,1523.35
68,4,1007.41
43,6,738.73
13,4,673.75
41,5,439.62
5,3,510.67
5,6,2610.57
13,2,2988.47
50,5,248.96
9,7,992.89
2,3,723.24
5,6,245.71
59,3,1970.09
31,2,1347.71
9,6,1412.64
25,5,518.73
23,6,728.67
32,7,85.41
8,5,943.34
60,4,1886.89
12,3,302.35
36,5,297.54
1,10,2238.09
14,9,484.46
14,8,178.7
24,4,162.85
3,2,555.45
47,6,190.77
8,5,1227.06
34,5,513.48
49,4,1689.02
25,7,1353.67
41,6,758.53
33,3,1113.96
14,3,357.17
50,3,758.14
11,7,202.95
26,6,1017.3
42,3,1301.74
15,4,682.98
11,4,2108.23
19,4,577.17
52,4,894.71
80,6,492.05
24,4,179.43
33,5,1120.33
71,6,2027.46
4,7,1489.12
8,8,981.28
38,7,356.98
53,9,1646.87
59,6,849.68
17,5,212.2
3,6,435.46
18,3,814.43
8,9,408.57
11,5,1067.16
45,5,263.03
3,3,2559.28
53,8,758.41
17,8,330.85
28,4,311.06
3,4,249.19
13,4,1543.41
3,5,302.89
98,3,340.67
50,3,2688.86
19,1,788.01
8,5,572.79
82,6,372.57
13,6,430.94
6,5,741.62
25,5,1503.0
87,7,2130.69
1,5,196.92
9,7,738.04
84,8,1653.23
6,6,1443.49
4,3,214.78
26,4,406.87
60,9,1178.32
20,3,283.62
157,6,432.92
35,6,2169.73
3,2,570.93
149,4,912.0
16,7,656.28
11,6,345.09
25,6,792.73
11,3,285.13
3,3,926.99
1,7,1607.23
18,3,625.31
55,6,616.32
26,4,954.17
215,3,211.15
11,5,1168.3
10,5,1151.14
6,4,1496.41
6,4,565.31
11,6,995.9
48,7,2087.3
71,5,1539.7
111,6,1300.15
8,4,2094.1
64,4,491.09
12,5,371.95
4,5,249.8
62,4,959.2
31,6,1482.16
6,5,108.41
17,3,791.79
11,6,2050.37
41,6,1203.05
19,4,1035.77
137,4,892.73
2,3,1577.16
14,3,918.26
20,7,685.06
21,4,837.24
12,7,279.59
40,6,657.28
63,5,1837.39
84,7,532.62
50,6,836.57
58,4,991.76
24,4,606.95
53,5,1142.55
11,3,653.39
16,2,1926.05
12,5,1122.98
19,8,210.19
11,6,1684.71
98,3,747.65
12,6,484.45
4,5,2020.91
23,4,136.01
2,7,1661.99
4,4,1526.58
8,5,1077.84
19,5,966.79
18,5,562.37
49,6,1673.49
41,2,1152.45
17,4,1815.28
13,5,905.86
12,5,2048.39
45,6,274.11
2,5,622.93
1,6,665.13
48,6,1470.07
20,4,527.35
5,7,86.92
9,2,1673.73
81,7,1469.92
59,3,718.85
38,3,636.49
20,8,524.14
23,8,717.85
111,5,879.45
102,5,1564.56
8,4,1260.88
50,5,138.49
7,4,210.77
8,7,896.99
34,6,1091.64
16,3,217.1
81,4,1673.71
3,12,616.47
22,8,282.33
76,4,386.81
71,2,1353.64
6,8,2039.67
14,4,390.1
29,5,262.0
6,4,1198.61
104,4,717.67
74,7,1456.68
6,3,906.39
4,6,437.44
3,4,533.29
73,7,561.36
7,4,1046.69
17,4,1129.69
18,6,1781.3
28,3,2565.19
3,7,639.98
8,6,828.95
81,4,895.17
72,8,1741.97
46,6,1224.41
1,4,986.49
12,5,313.14
30,7,1074.53
10,3,542.66
73,4,924.32
31,5,1235.68
3,2,1295.57
72,6,400.69
95,7,777.56
3,6,564.55
23,6,384.95
11,4,849.2
15,6,983.59
6,3,581.56
26,8,515.59
96,8,1165.89
21,6,2134.01
3,2,941.48
30,4,2392.07
13,6,1174.53
59,4,583.18
18,3,387.31
7,7,655.73
7,7,1189.33
44,7,240.14
10,6,439.13
44,6,633.87
7,5,579.32
12,3,440.55
19,4,938.33
87,6,306.42
81,3,1760.66
7,5,875.21
14,6,2336.97
5,6,1036.92
22,5,1300.12
19,10,869.57
70,6,1249.31
80,4,1281.02
15,4,1354.12
21,4,464.01
68,6,450.51
50,4,1260.28
1,9,336.93
12,7,606.96
17,3,74.16
8,3,455.62
7,4,166.92
2,6,388.55
31,5,693.39
10,4,338.94
2,4,402.74
8,1,2146.06
49,8,1648.27
58,4,1593.78
20,3,1032.92
17,7,649.1
115,3,1178.1
7,4,538.29
8,9,1300.49
11,5,364.29
6,2,429.87
15,8,485.55
73,5,317.08
29,4,1408.16
16,7,959.61
82,7,410.9
2,4,2313.06
8,7,232.53
26,7,848.33
29,9,764.18
2,5,946.32
16,6,300.22
32,6,895.96
36,5,1063.53
31,4,365.57
12,6,427.35
3,5,350.75
17,5,531.9
5,6,546.5
89,3,566.36
20,5,1674.54
12,6,219.13
44,6,97.3
21,5,447.2
12,3,118.6
51,12,563.2
61,8,1321.85
34,6,243.25
2,5,260.63
26,6,665.95
44,6,1616.04
5,5,769.47
8,3,1606.25
65,10,405.33
1,6,1476.68
42,8,479.73
20,4,517.19
18,5,453.34
1,6,911.3
52,5,277.35
14,4,635.79
24,5,2313.41
34,5,537.7
37,5,619.66
94,5,1453.18
23,3,616.82
16,4,1113.35
93,6,142.0
31,1,773.48
11,6,976.08
5,4,855.17
56,4,490.76
14,7,444.09
33,5,738.89
20,3,1206.61
7,3,440.39
28,2,510.65
2,4,718.74
16,4,956.79
24,6,253.0
18,5,191.59
42,2,849.54
53,2,576.72
45,6,701.74
2,4,99.2
7,2,687.41
24,4,1134.45
82,7,386.61
55,8,723.74
56,5,1027.82
11,10,2130.21
17,8,453.22
20,6,564.13
6,6,656.18
1,1,613.97
89,4,569.59
9,3,207.96
9,1,680.47
3,3,678.82
80,3,156.29
27,4,198.48
33,5,115.74
73,4,1149.69
13,5,1394.17
30,2,924.46
2,7,1493.72
7,4,449.68
54,4,148.7
44,2,1248.95
13,7,406.3
15,4,300.52
23,5,1483.89
1,9,506.7
9,7,1379.28
8,4,1553.16
9,4,392.39
50,5,1006.94
10,5,1056.33
7,6,1295.87
22,6,514.4
61,4,213.82
9,3,699.82
3,6,464.05
14,3,1050.57
42,11,884.2
25,5,1667.9
51,8,786.6
97,7,401.06
48,5,1067.56
28,6,391.23
21,6,943.03
2,3,176.98
125,4,464.99
15,3,1201.5
5,7,901.71
33,2,391.44
11,8,701.73
27,4,472.55
27,3,1113.33
18,4,784.95
55,3,241.75
10,5,1214.44
18,6,1804.53
24,5,535.51
33,4,391.35
46,7,207.3
16,8,474.5
32,2,86.51
5,7,1174.74
81,4,993.77
15,5,277.72
40,7,292.79
1,5,940.71
7,5,202.69
21,5,1797.89
64,12,118.11
23,5,917.52
80,2,449.38
20,6,573.37
21,7,796.36
4,3,152.02
49,10,839.62
9,6,241.47
69,4,422.44
73,1,1266.68
87,3,1206.13
23,4,163.92
34,5,399.69
46,2,219.7
5,3,860.39
28,4,2751.33
2,5,1580.61
21,4,743.4
6,5,642.62
7,9,423.52
14,4,247.75
17,4,576.53
30,5,598.19
3,3,1378.5
22,6,273.73
7,5,654.86
26,2,910.37
31,5,711.05
25,3,361.67
41,5,1350.17
13,2,1641.03
44,6,738.91
18,7,971.93
20,4,273.16
32,6,452.85
1,4,800.98
32,12,1237.23
29,5,1095.82
12,4,416.95
3,4,533.62
3,2,768.37
78,4,2355.0
36,7,935.39
5,4,530.28
14,4,537.1
27,9,762.04
55,4,818.32
2,4,477.62
9,5,896.43
67,7,819.35
1,5,130.67
7,4,579.7
96,3,2043.32
29,1,235.39
10,3,138.65
3,6,261.24
1,5,946.87
9,2,299.72
64,6,542.92
17,7,135.52
39,5,281.45
76,4,410.78
16,2,478.91
7,5,682.48
22,6,380.41
72,5,870.8
49,4,1695.8
3,5,274.83
36,5,577.83
26,4,2067.99
72,5,238.5
4,7,1141.78
23,5,808.17
64,4,248.02
16,3,809.35
20,8,766.92
3,7,1892.89
10,9,943.9
12,2,644.16
88,7,1312.77
10,7,1731.55
19,3,469.9
34,4,573.87
6,5,2661.27
20,2,542.69
41,3,1483.89
61,10,98.53
30,4,900.85
34,3,1166.55
5,6,636.78
88,6,385.04
5,3,1136.06
45,6,317.85
10,5,486.59
82,6,1433.84
39,7,363.87
43,6,1992.88
8,3,291.71
18,6,801.36
29,5,1557.7
45,3,132.85
4,4,396.59
99,6,761.54
67,4,263.91
10,4,833.63
52,5,406.66
22,5,466.27
19,7,710.47
12,5,710.47
27,6,310.34
40,6,338.47
16,9,1009.7
30,7,395.61
37,9,937.31
38,6,994.61
2,6,371.61
59,6,145.17
19,5,1089.36
10,4,789.96
9,5,491.28
20,7,2925.02
66,7,1819.71
15,2,795.45
42,2,1098.72
4,9,398.67
20,3,449.66
144,7,433.62
45,2,170.47
8,5,215.15
21,5,264.59
8,7,430.89
16,7,257.65
46,7,515.79
45,4,714.1
8,6,1817.83
77,7,328.91
27,3,852.0
15,2,987.08
21,5,375.26
28,3,819.19
25,8,915.98
20,5,1633.36
22,5,855.54
6,3,1143.3
51,6,615.65
24,2,1106.26
5,10,774.23
44,3,1414.25
81,6,607.22
89,2,883.23
14,5,1096.13
5,3,240.06
22,6,214.42
4,7,329.28
82,7,325.68
7,5,269.55
9,7,610.47
16,8,1532.42
15,6,1428.32
48,1,1213.53
19,2,1098.58
6,9,209.59
10,2,1277.61
22,6,532.88
5,6,814.16
29,3,1084.01
26,4,918.98
38,5,822.91
84,6,905.48
73,5,157.02
88,4,832.99
9,2,345.9
5,4,826.53
11,5,729.11
68,3,567.29
108,6,965.44
59,9,1898.18
4,2,448.39
89,2,442.95
17,4,660.42
1,1,141.25
18,7,555.69
2,5,750.25
24,11,961.63
13,2,495.56
20,3,976.32
29,3,409.79
61,6,585.82
33,4,1101.8
18,9,1844.67
52,4,1596.0
71,3,1052.59
4,6,878.11
23,4,239.86
11,2,220.86
2,8,1311.54
34,4,1219.0
60,5,102.67
6,3,263.38
51,6,390.31
58,6,635.95
74,2,489.82
10,2,607.27
71,5,849.9
12,9,434.86
25,3,345.62
2,6,533.73
2,5,1097.43
39,3,2225.54
18,9,274.91
9,3,1434.28
7,5,498.65
34,7,2271.8
1,3,410.12
50,7,696.27
3,6,1605.45
7,3,796.61
15,3,610.53
20,3,790.21
14,6,524.85
12,6,900.53
100,6,1093.87
31,8,334.96
1,7,571.16
17,3,335.09
63,4,258.26
11,5,594.3
3,6,707.5
43,5,1208.8
28,4,717.47
26,4,263.23
2,5,2405.41
5,5,452.35
30,5,655.2
7,2,504.56
22,5,220.01
24,7,97.02
11,4,817.42
89,6,219.94
56,5,621.86
39,5,163.1
3,4,1912.8
4,1,807.78
21,3,470.1
6,6,1028.74
115,2,883.19
6,4,224.33
21,5,988.03
14,4,1764.48
31,5,441.6
5,7,1357.03
17,7,409.4
10,5,893.44
66,6,1210.54
2,4,115.25
74,1,601.62
54,6,828.26
11,9,406.4
47,4,667.12
1,5,253.76
103,5,744.01
23,3,595.59
11,4,399.4
14,3,378.74
3,2,354.77
137,6,676.72
2,3,539.49
32,5,1524.43
18,3,1104.22
90,5,1369.87
9,5,1095.33
23,4,414.59
20,4,388.34
37,6,308.95
3,3,1207.14
7,4,295.18
8,6,407.23
41,7,967.75
7,6,830.37
26,6,203.01
8,6,543.89
60,5,415.13
86,3,454.38
22,3,458.18
14,1,897.53
8,4,462.76
2,8,761.62
10,5,883.26
32,6,291.04
23,2,1338.15
87,4,885.96
16,6,871.32
36,3,1901.1
21,4,1734.11
22,8,696.31
10,6,1074.93
19,6,1343.38
20,2,471.62
37,10,1135.81
85,7,1347.63
12,4,219.6
2,6,585.03
21,5,721.03
24,7,657.97
6,5,1465.31
43,3,781.7
126,6,387.87
88,9,565.29
7,7,651.96
63,4,1325.15
37,4,152.3
19,4,565.09
24,5,801.52
57,3,877.13
20,10,466.08
15,5,929.03
21,3,158.12
26,4,625.75
7,4,991.01
70,2,1441.79
34,7,1115.75
31,4,311.9
4,4,456.63
28,6,1174.6
4,3,541.06
3,6,903.97
23,7,1369.92
16,8,1256.13
27,7,580.1
3,4,584.57
17,6,619.23
6,5,1682.23
131,4,1024.7
25,4,259.98
35,6,571.87
12,5,434.3
3,4,1494.37
112,4,403.25
11,3,218.79
17,4,1367.54
32,3,577.69
1,3,1406.99
50,3,809.64
24,5,483.33
10,2,1557.79
2,7,2057.47
6,7,2317.89
68,9,1206.95
35,4,293.88
9,6,724.17
3,4,352.32
36,6,505.11
26,5,1175.62
16,6,355.7
14,6,434.45
8,7,126.92
34,4,884.64
106,4,676.51
6,5,440.28
28,5,426.01
17,2,514.76
18,1,1094.18
9,9,621.4
53,6,379.84
20,6,730.64
24,4,380.29
11,2,676.29
7,8,830.29
3,4,273.61
38,1,129.8
7,8,1023.78
36,3,113.35
15,5,805.31
17,3,634.88
19,6,877.18
14,5,846.9
4,4,1458.48
12,4,485.38
33,3,294.57
33,2,917.4
11,6,676.58
19,5,261.78
7,6,521.88
8,7,441.42
1,8,1605.94
69,8,1177.94
8,3,398.95
8,10,1064.25
10,7,196.83
5,2,616.63
31,7,1481.58
3,4,220.11
5,7,788.61
32,7,1731.01
13,4,2462.83
37,9,988.74
25,12,503.18
9,6,802.84
32,4,1021.36
4,4,962.17
24,8,400.49
18,1,1148.56
10,5,560.27
28,4,438.66
62,8,1137.47
205,8,906.22
29,2,1892.29
16,5,478.14
8,8,477.0
9,5,711.94
20,4,1538.37
14,4,2061.2
74,5,2692.3
14,6,299.76
15,4,1741.39
15,6,2875.31
55,6,1339.51
32,9,156.7
29,8,683.84
13,3,839.71
52,6,2437.22
2,3,575.97
62,6,535.27
22,3,1066.63
16,6,476.14
21,3,2609.71
34,3,242.47
1,5,1421.84
62,6,498.44
18,10,796.51
13,5,1345.12
5,5,774.14
18,1,455.51
21,3,1880.24
16,5,148.37
35,6,276.39
17,6,188.21
98,5,748.42
28,3,1866.07
50,3,231.02
4,6,1521.54
16,7,486.11
13,3,618.41
26,4,2279.96
60,4,296.17
3,7,1281.01
3,8,456.49
57,5,944.64
8,8,1462.48
34,4,925.21
24,4,1546.92
54,5,619.64
5,6,1281.06
5,3,1015.95
25,6,665.3
88,5,1723.97
17,3,582.48
12,7,761.31
28,7,278.94
80,7,1032.41
55,3,528.82
163,6,448.54
1,4,515.69
4,4,432.59
29,4,1166.92
52,5,842.72
11,1,253.43
9,2,1019.99
47,4,184.41
2,2,1167.94
14,3,594.65
22,6,1470.7
25,2,460.2
40,5,298.83
14,5,750.77
29,3,1092.36
27,4,122.55
24,2,440.75
31,5,812.38
10,5,222.5
3,4,1029.86
4,8,725.84
8,6,808.48
21,2,1987.81
56,8,932.91
37,5,437.2
47,6,388.08
13,5,555.47
16,4,1615.01
16,3,606.59
7,5,632.26
2,4,946.09
27,4,2043.19
136,5,1642.96
6,1,605.69
2,4,298.5
46,3,669.69
9,6,1003.77
54,2,1256.2
37,6,678.54
88,6,2062.1
16,5,844.75
33,3,1145.57
19,4,1164.14
30,4,1009.49
18,4,2068.14
7,4,1767.68
22,5,577.57
23,3,1231.27
50,5,980.79
40,4,323.68
33,3,217.2
4,6,281.39
39,3,2672.6
21,4,419.68
68,6,714.65
76,6,728.21
2,4,1777.38
52,5,909.35
2,2,942.88
14,6,1053.7
24,4,754.65
5,1,1708.53
42,3,1468.81
1,5,614.4
6,4,672.33
27,5,864.04
38,4,275.12
75,7,1258.78
37,4,1572.93
34,10,438.91
16,3,2266.36
1,5,451.98
4,3,316.9
23,2,982.35
34,5,1729.43
17,13,1026.85
40,5,615.25
23,5,1182.66
3,5,556.26
7,5,1486.81
55,3,180.49
39,5,448.61
68,6,229.33
4,7,303.11
139,4,915.75
8,3,493.57
1,7,1617.66
179,3,670.06
10,7,1231.91
34,4,356.55
6,8,971.18
27,5,1280.25
71,4,492.75
12,3,722.28
34,5,631.63
7,2,816.27
30,9,504.7
13,3,728.24
8,3,730.2
12,6,1983.19
6,2,741.13
70,6,1276.35
16,6,1062.4
9,4,945.98
18,2,473.3
12,5,1503.7
41,6,571.17
107,4,995.22
18,5,448.19
60,5,341.61
26,5,1330.28
6,9,363.7
36,5,406.3
22,5,278.66
32,10,953.48
67,4,281.07
18,5,1636.19
70,6,975.77
42,5,334.9
21,4,923.92
28,3,303.36
12,8,1237.03
124,4,774.78
34,3,208.01
2,7,238.71
12,7,510.63
30,7,1339.35
2,5,369.67
1,5,560.72
18,5,2732.17
13,2,544.99
18,7,226.47
10,6,1592.24
6,8,226.55
36,3,1057.27
22,3,497.37
7,8,1525.73
12,5,575.72
27,4,643.65
3,6,956.96
5,7,501.37
3,3,1246.77
51,2,534.28
42,3,1574.74
42,3,913.0
38,9,2289.35
34,5,503.82
20,5,1148.33
31,7,586.59
2,5,1064.91
30,6,333.37
46,5,559.13
21,7,1178.51
14,5,353.19
10,4,1108.41
31,6,509.35
36,4,782.82
62,5,3245.46
13,2,724.91
45,6,553.62
25,3,454.91
65,3,1061.37
23,5,535.9
22,3,1170.26
26,4,665.9
42,2,1072.89
101,5,646.01
3,6,552.83
2,5,492.95
84,5,344.44
23,5,628.18
29,6,1309.73
20,5,1190.98
3,4,640.91
44,2,407.2
42,4,743.41
12,6,1321.2
11,8,324.42
55,5,803.05
3,1,229.56
64,6,1054.82
9,3,1185.66
27,5,688.43
83,4,647.48
35,4,1906.1
17,4,468.58
36,5,883.6
13,3,895.33
10,3,187.06
172,5,130.83
42,8,1488.29
32,7,154.09
14,5,697.01
2,7,1992.91
1,8,2836.08
25,3,2195.62
44,1,342.86
24,5,1657.39
56,6,284.18
2,4,85.92
14,7,144.52
9,6,1075.52
18,5,1554.2
3,4,902.08
93,3,2834.55
8,5,1099.98
77,5,1677.37
17,5,1941.37
128,6,1125.59
25,5,563.57
81,7,391.75
1,7,422.24
42,5,1096.11
71,3,485.16
5,3,321.22
4,3,2422.25
17,5,313.96
82,5,668.0
24,10,1770.43
23,8,856.28
5,1,1281.09
1,7,441.33
50,4,258.91
3,8,550.02
31,4,873.01
74,5,1780.75
8,5,331.66
33,4,1495.94
3,5,1495.77
28,5,568.88
6,2,713.31
40,9,276.36
11,5,950.56
19,10,525.1
28,2,814.91
6,6,1033.64
41,7,447.46
11,4,512.0
33,7,866.95
6,4,333.61
35,8,1193.07
5,5,640.52
17,3,1453.97
9,3,468.43
42,6,628.48
10,5,137.69
65,5,207.84
67,4,1229.77
7,6,663.42
29,5,704.63
3,7,210.0
15,8,659.55
38,5,1316.17
33,5,977.98
30,3,586.97
10,7,180.09
15,4,825.64
4,3,636.21
39,3,1281.15
22,1,1520.43
38,4,341.69
9,6,1044.48
12,3,327.36
13,8,691.15
1,3,666.77
13,9,1220.99
49,6,479.16
69,6,823.92
22,2,683.55
19,3,806.62
1,3,1058.01
64,4,1275.4
1,4,1379.1
87,5,149.07
21,7,1455.97
13,4,1423.84
78,5,742.05
1,5,924.99
27,7,641.79
24,6,274.65
8,4,315.88
17,6,1042.17
32,2,651.12
39,4,449.48
1,6,813.03
83,7,893.64
6,10,422.65
8,8,536.13
10,5,2061.75
2,8,600.87
4,4,787.5
129,5,359.05
12,4,1612.24
4,2,346.71
4,4,240.02
39,5,1517.76
58,3,569.77
9,5,291.89
1,5,1850.44
8,2,669.2
2,7,229.58
4,5,367.11
17,6,343.38
8,4,366.45
22,2,405.96
9,8,2825.64
85,6,2225.88
71,5,1283.82
26,3,476.67
14,5,235.61
15,4,406.08
16,6,1748.8
40,5,582.14
19,4,1313.94
59,4,810.95
87,6,1294.83
13,4,1000.8
25,3,663.13
3,6,1272.73
7,7,1379.48
17,5,276.89
7,3,756.64
63,6,1112.08
6,4,94.1
19,4,223.36
28,4,937.26
36,5,983.36
15,3,1229.9
61,7,428.56
26,4,301.72
18,5,513.81
3,4,1443.26
19,5,854.57
52,6,588.39
29,6,990.6
54,4,946.8
21,2,2806.1
4,2,1783.77
1,4,615.89
11,4,845.31
36,4,435.5
47,6,594.72
11,10,473.68
21,3,506.2
17,4,813.68
16,7,949.46
8,5,821.58
5,6,1497.45
7,4,140.74
2,6,1320.45
7,2,586.12
1,6,492.94
30,5,669.59
12,4,740.79
109,3,1416.64
7,3,494.4
13,4,1486.14
14,9,1249.06
1,5,420.45
55,5,526.02
1,6,676.61
85,5,835.97
67,5,329.43
24,8,715.02
24,5,891.05
32,7,66.21
15,2,1479.63
32,2,208.0
2,3,1120.12
2,6,304.27
19,3,646.54
24,6,757.23
66,4,1415.83
4,7,1745.89
52,6,339.71
8,1,686.56
16,3,451.19
12,4,650.51
16,5,693.57
5,8,1127.29
22,3,661.77
49,5,1039.51
18,4,251.11
21,6,1387.59
57,2,738.7
37,6,481.56
21,5,640.4
9,7,260.91
65,5,713.39
26,5,1319.94
8,5,2348.57
10,7,661.18
49,5,756.83
2,7,789.0
146,6,1134.66
5,6,331.29
48,4,253.77
16,6,1511.16
21,6,1188.29
64,7,539.71
16,7,1246.41
24,4,592.38
2,3,597.79
1,8,617.81
9,3,376.12
35,3,1126.73
4,8,609.31
4,10,473.93
16,3,1140.53
32,5,1119.34
38,7,1239.67
6,4,1653.11
3,5,945.25
85,4,372.83
10,7,1209.74
58,4,785.29
60,3,108.4
45,8,3535.09
6,4,799.16
52,2,335.54
44,3,1222.46
28,4,536.22
13,1,750.87
10,4,1047.09
4,9,773.78
22,5,108.24
27,6,937.48
14,4,1246.64
20,5,316.8
14,3,741.98
31,2,1094.0
70,3,1719.92
6,3,939.63
15,4,983.92
5,5,831.85
30,4,695.78
40,7,503.94
81,4,344.97
10,4,457.58
90,5,849.07
2,4,930.5
28,9,1480.48
2,8,1760.22
68,4,561.08
23,5,744.63
34,7,918.16
54,8,398.45
5,8,1490.88
2,11,840.22
64,4,782.97
12,6,915.81
5,4,973.55
19,4,310.76
28,2,395.23
1,3,390.95
10,5,617.43
2,6,1110.01
17,6,1069.6
68,5,718.79
122,3,871.49
31,3,852.32
6,6,579.04
71,1,777.3
22,7,186.21
6,5,200.98
77,5,2102.13
43,3,1509.2
40,4,1943.5
38,2,1121.1
7,2,897.68
8,6,1131.6
35,5,680.81
8,6,165.21
18,5,515.77
46,5,2374.96
46,5,551.68
19,7,1000.27
48,8,387.18
55,2,516.44
32,2,635.92
8,7,697.57
10,4,787.0
12,4,844.64
4,3,594.08
10,6,519.44
8,2,892.45
19,9,1017.71
72,6,1947.72
4,2,107.13
39,5,315.88
35,3,1864.42
4,4,600.58
77,5,672.94
26,11,417.71
14,6,383.57
43,6,219.98
9,9,879.23
36,5,1163.94
2,4,1188.56
55,9,603.12
18,6,743.37
31,4,1174.72
8,5,1281.78
34,8,1035.34
45,5,1070.41
20,4,2181.31
29,4,498.27
19,6,304.0
68,4,1179.75
21,10,920.32
56,2,792.94
49,6,1265.9
16,7,1390.82
8,7,1313.73
16,5,361.13
53,5,871.62
8,5,1062.12
23,10,716.4
50,5,1879.43
14,6,483.82
31,5,1530.14
9,4,1027.87
4,3,642.26
48,4,491.37
4,6,1841.9
10,8,189.63
58,7,725.68
13,9,514.19
109,5,627.54
117,5,698.67
10,9,273.1
2,2,422.02
37,2,918.8
18,14,711.64
4,8,596.34
37,5,431.84
1,7,480.0
62,9,375.6
5,6,1235.11
5,5,539.72
6,4,233.27
97,2,1269.2
36,3,739.33
49,3,562.03
16,5,603.32
13,8,2314.32
9,5,1085.99
20,7,1707.97
25,6,350.25
30,2,767.9
9,2,742.95
90,7,110.19
6,4,546.55
102,8,198.92
1,4,567.78
20,7,1118.46
13,3,1869.54
18,4,402.06
26,4,1914.17
18,5,993.91
17,2,1359.1
40,8,611.51
35,4,236.65
54,7,518.85
9,5,908.62
29,4,2112.94
27,6,1788.32
14,7,2391.04
20,5,1941.82
12,7,895.84
5,4,869.28
8,6,471.35
4,3,425.66
35,3,1585.62
33,5,2124.67
91,8,376.08
40,2,306.32
2,7,775.63
65,4,279.27
60,8,906.85
18,3,611.71
27,4,1243.67
112,6,1247.06
23,5,458.58
71,7,1177.64
3,5,1026.42
7,7,634.17
18,6,517.65
27,3,1517.87
51,7,586.38
134,2,384.44
15,4,734.77
2,3,1462.75
49,7,2978.01
28,8,228.14
7,6,1991.0
21,3,1000.66
41,5,323.9
45,5,665.12
21,9,638.25
11,5,441.0
110,7,2554.88
33,5,640.33
16,2,289.3
10,5,1411.19
40,3,645.13
9,6,531.11
6,7,719.63
23,4,1075.9
11,4,798.28
30,8,791.58
4,3,1654.68
32,7,1449.9
10,11,290.76
1,6,1292.12
5,4,930.32
82,9,202.55
61,6,200.25
8,7,235.76
46,2,1323.66
29,5,454.2
107,5,163.88
15,6,346.2
35,5,1528.98
2,5,1049.32
16,1,85.93
100,4,1016.45
24,7,429.17
11,3,299.27
4,3,518.33
37,6,187.31
32,7,311.72
15,2,141.62
91,4,2821.49
1,4,608.0
11,3,1716.3
77,13,1177.12
12,8,1252.71
9,4,422.95
23,4,334.68
53,7,501.86
4,4,396.4
86,4,1641.4
48,7,992.06
6,1,172.96
38,5,734.67
15,4,689.78
16,4,716.13
46,5,2243.04
99,3,883.26
5,6,456.46
17,6,934.27
20,7,414.81
15,4,1933.29
14,6,207.35
2,5,778.62
35,3,604.53
18,4,738.21
7,9,2089.9
51,4,501.17
49,7,564.09
20,10,298.35
11,3,1386.18
31,7,307.73
11,6,451.68
9,5,1336.91
40,2,927.49
2,3,1209.01
3,6,446.19
1,9,889.27
5,8,304.83
3,6,612.28
165,3,160.93
11,4,2309.73
5,7,933.06
9,7,442.88
83,6,914.94
23,7,1216.44
14,4,1408.05
62,4,379.07
16,7,947.56
13,5,890.91
7,5,2003.97
15,8,469.21
12,4,316.22
34,2,354.93
11,5,1011.03
26,7,613.36
3,8,1727.27
7,4,609.32
16,8,1277.07
83,3,339.9
15,5,932.42
33,6,1934.4
9,7,1263.42
5,5,384.69
2,5,303.33
11,3,887.06
6,2,899.58
6,7,1130.49
43,2,1221.17
1,3,263.15
25,7,199.83
15,5,914.1
22,2,732.59
25,5,189.42
12,6,465.13
11,10,130.09
40,5,1944.21
62,2,767.86
7,6,1771.78
4,6,235.65
69,5,478.17
13,7,1173.18
25,6,1201.48
14,6,274.27
5,9,1245.17
27,2,1155.79
23,7,178.04
7,3,458.85
19,4,773.58
48,6,827.19
27,2,856.81
4,2,1279.99
24,2,464.83
37,4,914.38
48,7,803.41
30,7,121.83
5,10,430.18
38,5,1316.84
34,4,255.29
1,4,811.51
16,3,122.21
13,6,153.02
34,4,1626.29
8,5,533.28
27,2,576.36
74,4,470.34
48,4,161.05
77,4,647.64
116,8,1620.69
1,2,432.28
30,7,311.41
16,8,2251.39
59,7,211.57
9,7,683.24
119,2,970.67
29,4,359.76
48,4,546.53
3,3,1276.87
7,4,626.38
43,4,958.34
1,6,387.21
51,5,1101.17
1,3,597.24
33,5,1254.24
14,5,1507.7
29,6,636.83
36,4,616.72
13,4,1400.71
4,7,1076.98
3,8,974.99
27,7,191.57
23,7,345.45
41,6,234.56
22,2,1041.86
17,8,197.4
16,4,220.32
1,1,1167.37
13,6,1248.41
112,2,395.51
63,7,1764.1
12,5,99.42
27,3,190.21
57,2,1155.82
18,7,403.31
1,6,295.12
3,6,560.14
22,6,1677.16
105,3,512.56
36,2,340.41
3,5,819.32
7,2,743.9
45,10,1340.41
56,5,2483.51
29,3,1566.98
32,6,1247.43
1,4,683.55
53,4,574.67
47,8,427.66
9,7,290.41
37,10,520.53
8,8,1078.6
2,6,629.67
7,2,484.1
6,8,712.98
13,5,451.62
17,4,715.29
22,3,566.42
20,5,986.49
10,3,552.72
1,8,1297.3
28,5,425.95
16,6,776.76
11,3,3003.97
61,3,809.04
42,1,119.8
59,4,613.1
21,5,372.91
5,6,1017.18
36,3,863.87
7,5,434.09
18,3,1085.18
3,8,723.88
53,5,191.46
5,4,526.91
71,5,2165.08
60,9,456.03
19,4,456.51
41,4,1333.28
29,4,77.34
49,8,640.14
17,7,638.93
47,5,1050.59
19,4,395.05
85,4,594.02
20,3,785.82
19,4,961.5
47,3,485.74
52,6,2068.12
25,5,90.54
6,9,421.68
19,7,636.84
104,6,781.08
42,4,1522.11
51,5,1018.68
2,5,278.06
19,3,866.58
32,6,1586.12
54,4,691.38
2,6,1547.73
58,8,102.35
24,3,1057.0
7,7,1373.31
12,8,503.27
10,2,177.41
23,6,1215.58
2,9,275.98
6,7,476.14
51,7,1258.85
5,4,892.25
8,3,3644.88
19,6,656.44
22,5,816.93
44,5,1209.07
18,10,275.69
47,6,602.78
29,5,240.58
4,6,194.29
6,4,1406.73
18,4,706.0
16,6,735.9
41,3,937.17
27,7,326.02
15,5,1203.83
6,5,894.67
8,4,964.96
26,6,339.05
17,4,807.03
22,4,1098.89
6,4,530.95
33,3,636.94
58,9,624.38
9,4,493.05
21,7,852.14
112,4,629.51
13,4,501.27
28,2,2069.35
3,5,651.04
28,7,274.72
3,3,808.11
96,6,781.64
38,7,842.7
47,7,2090.97
37,4,110.27
27,5,1142.69
18,1,406.16
59,4,609.49
95,2,246.99
21,2,1225.14
81,5,654.69
27,5,898.99
24,3,1594.99
19,3,304.58
8,9,888.74
1,8,2667.15
9,4,1461.16
22,3,321.8
15,2,1739.45
18,3,718.63
119,7,2000.02
13,6,1323.78
19,9,594.6
5,5,1320.12
2,2,207.79
45,3,345.16
26,5,1228.97
43,3,251.07
5,4,605.31
26,4,906.88
9,9,956.31
8,1,1488.17
1,12,464.46
5,2,1356.99
12,4,1252.17
4,7,446.06
128,8,156.02
12,3,527.09
5,2,447.92
7,6,282.58
27,6,765.28
2,9,2655.64
60,3,783.48
98,6,2328.03
9,6,3013.76
18,6,420.64
1,5,484.93
31,3,1320.9
17,7,643.05
10,4,338.73
7,5,757.24
32,2,1123.26
17,3,1334.21
6,7,1031.96
36,2,896.25
25,3,659.03
59,1,391.39
4,6,1766.66
47,7,529.29
34,4,656.15
4,4,1246.32
36,6,404.55
18,6,2251.7
88,7,743.11
5,5,424.39
31,6,946.79
15,3,1125.4
95,6,587.26
13,4,701.81
99,2,849.8
70,8,717.45
10,6,215.06
49,4,306.54
163,4,744.39
9,5,360.11
18,6,1541.94
23,7,2465.43
11,6,1085.47
1,3,195.04
8,4,90.95
10,5,470.21
18,4,948.66
6,6,1231.58
62,5,189.19
37,3,711.62
3,2,253.88
32,5,111.54
32,3,836.15
94,5,770.22
1,5,979.6
9,7,734.3
79,4,143.8
81,8,940.48
39,6,532.09
44,3,475.69
3,3,589.77
22,2,104.05
8,5,1171.89
6,6,662.8
50,8,1496.94
5,1,1157.55
19,1,469.46
84,3,1978.37
7,4,1527.76
115,2,417.7
155,8,624.08
25,6,1152.59
6,7,372.03
12,6,459.33
17,6,154.1
12,5,207.18
10,7,272.6
108,6,682.9
5,3,1265.19
40,6,394.26
1,5,1112.73
28,7,383.43
75,4,921.74
11,5,554.13
7,11,226.05
32,4,1168.97
38,6,1173.03
35,8,93.7
12,4,801.38
9,4,866.66
94,6,737.22
78,7,478.07
19,1,273.8
57,8,686.97
19,1,89.27
17,8,306.26
6,10,845.86
17,5,1291.44
24,5,1673.73
1,7,244.7
18,6,361.68
46,4,1003.77
35,5,1186.29
31,7,1972.88
73,3,983.97
1,3,795.5
25,7,751.14
47,4,288.82
24,5,152.13
12,3,974.96
5,3,918.88
66,5,148.39
20,4,303.82
64,6,2079.72
27,5,196.36
34,6,170.64
49,3,213.45
33,7,850.55
16,5,881.86
22,4,1582.43
49,4,988.14
15,4,409.6
15,5,118.07
4,7,635.63
74,7,2028.8
3,2,402.13
32,6,997.16
16,4,448.27
16,3,928.36
35,5,757.03
3,5,915.31
28,4,399.9
45,7,382.79
53,4,267.04
6,4,563.55
69,4,907.35
33,4,766.0
65,6,517.44
20,2,943.46
24,3,1010.23
76,6,1172.71
70,3,464.98
18,4,496.56
10,10,1539.76
15,3,1381.06
15,6,1128.92
11,4,203.77
10,4,596.74
60,9,1299.94
3,3,1172.41
34,3,742.2
6,10,711.47
13,4,329.0
2,2,281.04
10,6,354.47
44,3,340.51
65,6,531.53
8,6,1218.71
19,8,230.25
20,4,239.68
63,4,621.57
44,9,1570.1
22,3,357.63
34,5,583.9
57,8,914.23
1,5,539.35
16,1,810.62
72,3,1070.96
41,8,1079.22
24,3,294.89
23,5,633.0
13,4,281.51
23,8,940.46
32,3,1606.52
17,5,615.89
38,4,1034.61
60,4,695.28
6,3,663.66
19,6,180.5
16,6,1470.22
35,5,929.3
9,3,648.55
31,2,813.0
63,2,576.02
17,3,445.4
73,5,1329.81
150,6,456.93
4,4,864.55
8,3,249.54
91,6,732.48
96,4,2048.64
4,5,293.64
1,5,494.94
6,8,806.51
166,6,598.82
6,4,263.45
21,3,977.85
57,6,2913.55
1,4,295.25
28,3,1313.43
10,7,1109.43
60,2,158.25
10,3,838.72
35,8,1402.15
34,4,225.74
8,3,387.61
2,6,863.29
16,5,654.9
11,5,1255.28
50,7,307.46
49,4,587.99
19,6,1196.17
28,6,570.6
28,4,713.2
53,8,169.4
17,4,222.47
10,5,943.88
10,6,1125.98
24,6,970.3
18,8,1167.13
18,5,689.87
3,7,1537.25
39,4,386.97
8,5,115.86
7,6,495.07
16,3,1532.98
8,7,789.73
27,3,464.79
14,6,732.83
18,5,884.39
24,5,519.2
7,2,946.4
6,2,1649.74
64,4,1565.99
18,5,1215.71
16,4,1851.4
2,3,262.15
21,8,858.14
25,11,402.46
25,3,569.44
37,7,1865.09
6,3,1242.85
9,3,281.47
50,4,1805.35
89,7,1110.96
5,4,1349.13
21,7,621.57
8,8,894.23
2,6,260.6
12,5,545.06
5,2,1505.72
38,5,459.53
23,3,414.03
5,5,916.07
1,5,717.15
50,4,512.42
6,7,472.77
28,2,597.49
13,3,116.62
27,6,343.78
12,8,1136.59
3,7,872.5
8,7,689.55
7,3,310.7
17,2,768.67
33,6,842.91
10,6,472.84
1,6,175.34
22,1,815.49
28,7,416.24
99,5,661.17
27,8,505.32
20,5,216.72
26,7,182.6
79,6,1011.76
53,8,700.57
12,3,1370.62
9,2,1301.39
10,7,289.55
22,6,385.24
41,6,602.32
21,5,152.8
3,12,416.34
39,6,1720.5
50,8,1238.8
11,7,1087.22
33,7,1810.65
17,3,85.93
66,3,1103.31
56,8,1105.26
23,5,754.36
36,4,224.13
65,7,2340.13
21,8,1283.19
12,3,1723.2
43,2,1018.72
8,4,343.15
15,2,283.55
61,5,1381.84
39,1,374.65
16,4,728.86
8,3,474.99
14,3,1013.42
11,4,640.83
6,8,2321.91
41,4,2477.66
9,5,897.92
19,9,308.81
15,2,352.43
121,6,390.9
15,3,293.15
3,9,770.76
3,10,259.17
27,6,607.71
28,4,717.56
17,2,591.62
17,10,2643.06
2,5,726.59
22,3,626.78
22,3,1349.08
5,7,809.76
4,5,1445.31
4,1,509.27
4,3,1015.2
29,5,832.0
7,4,516.34
9,3,387.46
6,4,921.23
95,4,2140.07
58,4,1953.98
8,3,1363.27
12,2,1230.09
8,7,717.11
21,5,333.73
1,4,186.17
34,6,932.73
23,3,2054.58
69,8,788.75
6,1,1409.79
49,8,859.11
48,6,731.19
5,10,431.25
16,5,443.19
6,3,692.77
9,6,545.52
10,6,1266.89
25,5,1365.95
16,4,998.17
89,10,2171.18
5,8,1491.68
110,4,764.91
8,8,537.07
45,6,957.61
13,6,1770.72
5,4,311.22
59,6,1606.99
12,5,385.52
33,5,540.46
26,4,1326.34
20,5,1364.36
21,6,660.82
40,5,848.37
3,6,2055.84
34,2,2004.58
68,5,739.08
2,6,657.28
5,1,498.8
38,7,248.92
18,7,719.86
16,3,733.4
5,2,552.49
22,10,628.12
5,5,251.97
20,7,762.47
44,5,392.17
9,3,1064.19
20,5,635.93
145,3,1141.85
35,5,3041.18
56,5,265.74
17,5,297.51
44,8,1410.18
2,6,888.0
4,6,1076.72
7,6,145.66
16,4,388.16
57,4,1188.82
13,6,1118.0
32,4,173.85
38,6,910.99
27,6,420.5
14,4,483.61
26,4,574.32
13,5,255.67
3,7,585.59
149,6,1385.59
5,7,482.51
3,6,687.71
64,4,977.44
11,5,917.73
32,4,482.47
12,4,640.14
15,5,811.84
10,3,572.31
13,7,699.98
16,5,2708.12
39,4,1342.98
22,5,1918.3
87,3,849.26
2,3,943.52
21,4,447.54
27,6,1557.88
76,6,158.3
2,4,2465.88
26,6,978.45
58,4,471.65
9,6,1183.08
63,6,349.03
1,6,730.01
40,3,467.98
82,9,551.39
33,1,741.99
18,4,1580.0
2,7,715.3
76,4,277.1
20,5,442.2
1,5,417.09
36,2,2523.7
20,5,415.32
4,8,868.12
8,6,705.05
2,4,547.51
26,3,369.76
30,6,303.57
22,4,1085.82
51,1,1470.98
60,5,286.09
29,4,762.11
1,2,661.45
36,9,255.36
17,6,448.49
26,7,1254.92
32,3,2110.96
13,7,2245.86
75,6,627.04
5,5,900.65
34,4,658.88
1,7,1395.44
78,7,1159.7
4,6,1205.81
3,5,394.57
13,8,607.65
15,4,1276.96
8,3,2142.21
27,8,1644.2
18,4,326.72
2,6,209.59
12,3,1357.09
50,4,401.53
36,7,2617.33
39,6,1325.77
36,1,1068.66
12,8,590.66
4,10,989.23
10,2,406.32
54,5,831.53
119,8,1475.49
21,3,581.35
1,4,703.78
5,6,163.23
12,5,755.56
26,4,907.88
3,4,1245.82
87,3,1920.61
14,9,605.85
74,6,262.58
46,6,655.61
43,8,1283.5
28,8,69.83
30,8,331.98
31,5,385.02
30,5,416.91
25,4,472.57
129,4,485.8
40,2,1004.9
46,5,1232.58
62,3,2050.16
8,7,1054.78
3,7,222.51
20,6,638.78
22,6,1175.39
54,4,621.47
18,9,288.04
26,6,1513.26
23,6,889.52
2,5,1464.51
29,1,1041.85
53,4,1074.24
6,3,699.69
28,6,561.98
28,3,378.33
6,8,998.9
4,3,435.11
118,3,299.86
16,6,242.42
8,6,1096.89
6,6,253.66
34,6,1153.18
29,1,1283.15
31,8,1015.36
3,9,225.54
68,5,1199.99
15,5,778.33
12,5,471.64
19,5,393.98
15,2,649.41
60,5,1192.89
80,9,813.29
11,4,1126.92
60,3,533.43
46,6,613.73
81,4,395.23
9,5,508.45
26,8,1298.12
10,4,535.13
53,3,641.04
1,3,856.22
25,5,635.27
13,7,2001.49
12,3,522.64
32,4,420.17
58,7,818.92
29,5,1277.43
58,9,605.42
10,6,694.9
22,6,156.17
18,6,353.64
1,2,1214.98
25,8,241.89
33,2,136.15
27,3,906.39
40,7,240.8
26,8,1384.84
3,5,1314.94
4,9,660.47
28,3,446.48
10,5,1338.28
3,9,619.28
17,4,1787.17
25,3,196.6
12,5,379.73
39,4,279.73
31,6,163.19
13,3,888.83
43,5,1069.61
32,5,2285.58
31,4,514.38
25,6,533.2
1,2,919.76
36,6,703.23
15,2,456.24
86,8,1463.0
52,5,599.44
27,2,148.7
9,4,559.68
7,2,1171.77
13,4,1229.61
20,3,1421.97
11,4,830.37
22,7,695.31
6,8,2079.21
115,4,832.55
4,7,1023.8
81,13,1500.55
74,3,282.41
23,2,855.03
39,5,489.76
18,3,508.45
30,9,742.16
13,5,402.01
11,4,343.17
26,5,430.55
21,1,496.65
26,4,1256.28
11,5,1038.83
14,6,1513.46
3,4,402.98
2,7,1361.44
9,5,1028.91
3,3,756.65
4,7,351.36
51,4,1202.81
2,5,693.05
33,4,1394.44
10,1,309.99
62,4,1541.01
20,5,1339.21
11,8,1088.53
22,3,1584.89
15,2,1421.58
25,4,1360.97
4,7,420.28
175,6,635.93
17,10,845.92
13,2,756.14
38,3,857.93
14,5,803.35
54,6,1376.5
19,6,515.29
39,5,563.91
4,5,321.86
57,5,1530.88
40,2,886.74
8,1,976.79
5,3,1071.35
12,6,1428.22
112,5,168.49
9,2,2872.5
19,4,530.8
1,7,806.0
16,6,2640.39
26,3,306.46
92,4,968.85
22,5,1107.69
52,3,1043.73
24,3,816.29
2,6,509.47
12,4,1812.54
26,6,733.71
91,4,319.51
59,2,177.62
8,5,983.84
8,4,714.32
7,3,1103.21
77,3,350.95
58,2,758.64
45,5,660.64
15,4,1539.55
22,5,469.9
19,5,180.47
9,5,2123.58
22,5,73.3
1,8,867.79
5,8,1145.1
66,4,896.46
42,3,347.03
17,7,553.46
22,10,665.21
14,7,724.0
41,2,330.9
47,2,1149.14
44,4,732.75
39,7,2174.14
7,4,546.03
13,5,119.2
20,2,440.39
13,5,115.2
43,5,1593.75
12,7,734.54
5,6,647.95
16,5,1577.47
118,7,756.76
8,12,1113.7
29,4,1054.81
18,5,1155.84
3,9,2150.81
21,8,674.71
37,8,2138.31
22,9,172.28
62,6,918.12
11,6,854.67
3,5,846.16
83,5,821.87
15,4,1174.27
26,4,518.21
48,6,419.52
12,4,541.54
38,7,1289.4
5,4,399.63
11,3,1339.93
5,2,1201.15
51,6,307.69
8,6,1511.04
38,4,889.45
87,8,2167.16
23,4,220.15
24,6,1154.89
19,5,1135.77
12,6,1815.98
20,4,702.66
28,3,1501.31
129,2,2721.9
84,5,431.95
60,2,506.61
66,5,564.91
19,4,678.36
33,7,369.75
68,4,539.98
15,8,820.77
98,4,1658.31
17,7,881.08
28,5,309.41
38,6,1894.83
91,5,1285.11
9,3,1526.87
42,3,690.26
23,7,903.11
10,7,1462.18
45,4,854.85
25,4,1180.92
33,5,317.67
12,5,362.61
20,4,1547.48
29,6,2318.73
16,3,343.85
7,5,366.94
98,5,951.41
22,6,950.48
40,8,1023.9
16,6,520.1
14,5,870.12
16,3,1402.09
16,6,795.12
24,6,1225.06
24,5,1346.58
21,7,1400.11
5,5,358.88
21,4,1217.42
6,3,279.87
5,7,1230.79
81,8,1227.46
28,3,3220.76
33,4,756.55
16,6,689.94
72,6,385.92
31,3,329.05
44,4,1032.97
14,6,916.13
97,6,483.19
52,8,1246.63
58,6,612.36
6,7,639.87
10,2,1183.36
11,3,211.69
10,7,1456.64
59,3,112.84
1,6,210.63
3,5,598.4
10,10,151.36
7,6,273.84
8,5,528.52
48,4,239.63
25,4,596.12
1,6,808.43
17,9,994.65
16,6,671.43
4,6,65.49
34,5,938.04
37,7,1569.05
39,6,497.13
40,2,1205.6
1,5,411.66
93,3,789.0
51,6,1162.32
71,3,412.75
1,6,732.13
82,8,909.18
50,3,767.82
55,5,668.83
3,3,490.06
41,7,1809.25
97,3,1915.26
35,6,1157.67
26,6,405.95
88,4,954.59
18,4,801.8
28,3,368.82
20,5,221.47
82,6,449.1
3,2,442.88
21,6,1185.35
35,2,1074.44
48,9,3834.14
27,5,1360.82
72,4,969.96
86,5,602.69
2,4,854.43
16,5,230.57
1,8,209.94
12,4,1104.69
24,7,485.11
73,4,1066.31
57,4,957.45
5,3,565.21
3,3,1650.17
27,5,176.42
23,7,142.92
10,4,410.27
69,5,1553.92
79,5,423.26
16,3,623.5
67,7,490.4
15,6,1326.12
41,3,1164.3
20,5,610.97
4,7,402.41
79,6,375.51
19,7,305.99
40,10,311.48
14,6,1810.79
1,4,1794.4
4,4,759.6
21,7,149.72
36,7,1432.28
13,5,2101.44
36,6,450.6
36,8,591.81
37,4,1900.6
21,6,237.4
74,6,1649.74
21,3,2983.42
18,4,1375.67
7,3,992.22
12,7,691.4
2,5,582.23
31,14,1046.72
9,2,1827.57
11,4,3871.0
45,6,326.67
12,6,1323.59
9,5,665.73
6,5,1159.63
45,8,252.25
5,4,2263.21
19,5,348.45
22,3,580.66
35,6,1302.94
31,8,252.79
50,3,566.97
2,3,647.35
11,2,323.86
10,9,622.97
5,3,446.02
11,4,1384.52
12,3,892.72
23,7,149.49
33,7,412.15
15,6,265.22
39,5,389.99
13,6,901.08
11,3,1812.29
24,10,377.64
1,4,1246.33
3,4,356.96
17,4,87.11
86,3,626.28
39,2,638.88
3,9,262.81
57,3,418.5
40,6,770.69
29,2,1543.04
52,5,600.67
16,4,1456.76
8,4,414.61
22,6,732.62
24,6,918.86
24,7,707.06
25,4,653.89
90,2,1397.18
70,3,922.15
63,3,1486.08
49,3,778.34
87,6,459.25
4,8,84.39
10,3,177.47
21,6,1250.01
57,7,852.65
22,6,428.78
42,8,1223.62
5,5,1410.52
9,5,689.26
40,5,533.92
6,6,1143.36
13,7,880.79
10,1,485.9
13,11,890.87
37,5,758.27
14,3,123.89
25,4,1166.49
4,4,1987.66
50,7,928.95
14,5,914.07
32,3,688.19
39,5,371.11
8,5,362.73
65,4,575.34
29,7,397.25
17,3,692.82
7,3,66.84
86,4,445.98
43,5,274.76
7,3,1433.27
13,4,2248.47
50,2,197.31
36,2,1742.13
44,4,645.47
18,3,1115.13
38,8,793.7
15,5,2098.29
8,4,400.17
31,6,1123.58
112,5,886.25
12,2,1023.65
19,7,1592.78
34,4,1025.18
24,5,404.82
56,6,983.76
44,3,551.02
2,6,1312.53
194,6,899.28
42,5,217.18
60,5,239.12
32,5,1069.72
59,7,1665.76
4,3,1230.14
13,9,525.72
63,5,1521.45
7,7,509.88
3,2,473.25
47,5,1114.16
55,2,206.98
6,3,1844.35
58,9,580.59
35,5,1426.24
23,8,2032.79
54,8,435.3
17,8,1789.58
7,5,329.71
11,5,443.95
22,6,444.51
23,5,1037.5
50,3,424.89
48,9,275.31
27,5,596.48
46,4,442.28
7,8,1913.63
2,8,526.18
63,6,1208.16
3,2,242.1
9,8,657.7
36,4,1945.6
16,5,1222.3
63,3,2815.32
11,4,437.37
1,5,1313.16
11,6,57.81
26,8,1329.7
15,4,676.11
23,5,413.06
63,3,295.8
74,3,740.89
10,5,2261.64
19,5,667.83
24,4,669.6
90,5,614.7
198,8,376.4
9,6,1916.04
39,5,1408.58
15,5,756.67
1,4,155.01
1,5,774.57
19,3,537.72
21,3,343.11
1,4,713.95
35,3,405.49
11,8,701.14
25,7,615.35
11,7,292.11
6,6,1141.1
16,6,1146.63
8,3,112.46
23,5,820.31
7,4,291.39
22,10,676.29
6,3,1551.07
34,4,135.06
43,9,1450.83
4,8,70.55
19,7,771.42
3,7,454.51
28,2,544.44
10,5,393.19
23,3,917.03
22,5,1635.25
78,5,477.33
24,3,527.02
27,6,254.69
16,5,426.79
90,2,1182.01
46,3,1036.37
11,5,590.26
56,3,663.16
17,3,1787.53
53,7,1563.32
52,2,333.02
7,3,1804.26
37,6,668.29
11,5,1038.78
11,6,2088.63
11,11,2454.34
39,2,784.21
8,2,1393.94
1,7,474.17
38,6,1468.55
6,6,716.2
4,7,1182.4
9,7,720.36
15,6,265.96
20,6,220.14
2,5,562.56
106,9,954.68
38,3,526.92
12,5,429.37
12,5,900.87
18,5,56.78
30,3,1005.4
5,3,1405.73
7,5,1158.58
59,4,1455.42
9,3,204.74
15,7,811.3
62,5,1035.74
33,4,1020.98
13,5,805.24
35,6,1717.87
1,6,2195.94
40,5,921.11
21,4,695.52
51,5,1127.97
93,4,859.2
79,5,1481.42
72,5,941.25
22,2,692.3
14,5,1224.7
19,4,707.37
36,7,217.3
65,8,1172.29
7,7,1739.89
76,4,813.31
51,4,1502.34
116,3,585.63
64,4,1654.62
10,7,472.68
4,8,944.85
4,5,346.34
11,6,926.37
29,6,734.64
49,4,114.48
69,9,1048.72
30,7,508.11
1,4,413.2
7,2,1351.72
4,3,619.2
14,5,489.32
21,4,986.59
2,5,678.62
13,8,567.5
6,5,177.57
32,6,292.61
19,8,424.29
21,4,537.78
17,5,197.34
94,7,732.04
8,4,1401.15
22,5,565.65
40,2,543.5
25,5,777.46
80,4,1674.85
15,4,957.04
19,5,608.35
3,5,735.4
29,4,2514.75
11,3,757.66
6,2,3065.38
24,7,413.69
23,5,612.75
3,4,993.44
36,4,478.12
30,4,953.16
7,5,589.3
20,2,1992.56
39,8,1037.84
23,3,449.69
16,8,1993.38
12,8,984.28
29,4,826.21
84,6,2734.63
34,5,3500.85
3,3,2012.58
19,7,501.78
67,5,488.27
3,4,249.79
135,6,578.92
90,2,615.3
3,6,1010.28
82,5,252.63
14,10,908.19
56,3,376.74
17,4,605.42
18,9,341.33
31,5,364.58
45,7,478.83
2,5,171.73
27,4,553.56
7,9,738.29
13,4,596.55
13,5,2282.58
19,5,683.49
13,6,590.08
4,5,197.97
5,8,1067.99
2,7,799.8
20,7,1853.89
93,8,1254.62
4,5,246.28
88,8,254.95
40,8,1369.2
31,6,308.16
32,2,694.05
53,3,287.43
4,10,590.38
22,5,1309.71
36,3,1399.24
27,2,1049.37
54,3,640.66
3,4,685.12
36,6,1326.09
23,5,151.03
15,4,342.76
13,3,721.63
30,5,862.95
67,3,1666.07
21,4,507.98
53,2,1812.6
16,1,1245.98
4,3,555.94
2,3,330.99
2,5,252.01
15,5,1118.6
13,4,1240.77
38,4,450.6
41,4,457.71
2,2,1220.09
8,2,514.42
10,3,435.71
24,5,1601.38
5,5,252.13
5,5,210.24
87,6,3598.57
49,7,98.13
6,6,613.61
16,3,1634.6
14,6,682.8
47,6,170.41
22,3,638.98
5,7,847.64
41,5,1420.24
16,5,693.6
10,5,170.44
15,4,743.75
21,7,450.08
13,8,2206.88
9,8,841.21
16,3,771.02
1,4,867.6
45,3,341.23
6,4,580.14
2,7,950.37
32,7,1348.7
45,2,1387.3
51,7,1131.42
21,5,1862.07
7,8,713.4
41,3,933.93
37,4,698.64
9,7,1033.77
71,6,1216.91
4,5,273.15
122,4,473.37
60,5,896.08
35,7,358.43
84,7,356.19
39,8,436.77
7,5,259.16
18,7,291.56
3,5,350.61
15,5,350.89
41,3,265.97
15,3,975.93
13,12,828.75
28,3,1512.83
62,5,477.71
2,6,276.92
15,5,366.47
6,4,1471.59
36,6,1465.51
4,4,1026.2
33,8,374.95
11,3,495.23
7,5,839.59
83,8,620.98
1,7,1009.45
18,3,1499.58
1,6,1121.93
20,5,626.54
21,8,2121.44
12,7,1598.85
5,7,90.43
15,5,279.76
34,5,371.22
46,7,585.24
23,9,1443.9
27,1,363.15
7,3,542.92
11,5,948.54
6,2,577.81
9,2,1524.02
8,4,805.09
22,5,780.45
25,2,653.79
87,6,344.46
7,4,811.5
31,6,258.67
51,6,985.44
25,6,1512.02
9,6,798.99
10,6,933.74
2,4,545.87
11,6,1488.32
41,4,647.62
2,4,988.01
8,4,596.65
37,4,896.43
46,6,529.04
19,6,1064.48
36,4,115.96
15,4,1068.72
6,4,2094.86
16,5,1230.43
27,6,681.38
89,6,616.05
3,7,1048.63
22,5,453.59
12,3,651.59
22,7,349.22
1,6,1318.85
12,3,689.49
52,1,847.26
25,7,325.05
18,3,1032.07
11,5,548.46
11,4,778.29
15,4,669.04
55,5,1559.13
103,4,326.34
18,6,1965.04
15,5,547.39
57,6,228.07
17,12,743.25
25,3,705.75
8,5,317.26
41,5,3293.89
23,4,1475.58
50,7,1565.46
46,6,1512.65
8,3,553.79
38,7,2795.37
49,8,1051.77
13,9,790.26
6,3,445.34
1,5,755.41
18,7,633.44
14,6,976.91
25,5,496.55
7,8,1461.38
59,3,587.28
9,6,713.49
8,5,560.31
20,4,835.49
21,9,1119.7
8,4,2360.9
10,5,599.08
6,6,619.6
39,6,732.64
45,9,357.23
19,7,194.29
38,7,403.31
40,5,253.91
5,4,537.73
102,5,672.31
52,6,274.04
7,2,654.73
7,5,829.55
5,3,1156.8
5,6,537.68
42,6,414.66
20,4,354.96
46,8,693.82
42,4,952.03
28,3,738.81
35,2,599.99
1,5,2417.58
12,6,904.5
31,2,502.95
1,5,668.99
2,5,232.81
58,7,1089.69
35,2,543.63
10,7,635.44
35,7,1007.09
48,5,1026.11
11,6,1217.83
2,9,157.98
81,6,529.92
13,4,357.7
4,5,968.95
21,4,1012.56
44,4,532.59
8,7,1317.7
10,6,759.24
9,5,1865.87
144,2,172.95
7,8,723.48
26,1,671.13
78,4,390.22
5,3,1088.22
107,4,1297.34
89,3,142.38
65,2,1341.54
8,6,1971.7
31,8,890.78
43,2,326.02
129,3,1241.92
6,5,321.81
44,7,1548.27
13,3,257.84
6,5,1518.91
17,5,226.91
48,4,611.86
19,4,1151.09
24,3,1322.87
160,5,1277.91
16,4,2067.81
29,2,1238.25
14,3,320.88
15,2,345.81
36,9,869.89
84,7,505.44
24,4,1223.53
44,6,717.08
3,3,1121.35
8,7,510.47
21,4,1374.79
1,5,688.96
9,3,1107.74
22,4,912.59
1,7,784.54
10,5,430.19
22,3,322.76
26,6,1980.41
79,5,975.97
32,8,510.35
17,7,429.88
80,5,550.38
47,6,741.87
7,3,1222.86
5,6,222.11
34,6,266.15
25,4,556.4
47,3,707.8
41,6,787.5
30,9,1636.64
129,6,558.82
23,5,112.64
4,4,643.77
53,5,1483.81
9,5,1041.98
46,4,407.2
95,2,120.01
36,4,1368.8
28,5,1668.18
19,5,252.04
14,6,962.53
14,3,1228.3
31,3,105.04
42,5,1119.65
35,3,1097.05
7,8,1618.25
21,4,544.74
48,2,325.49
20,3,1091.88
24,6,1305.7
45,4,592.8
33,1,1166.64
16,6,990.67
68,2,1404.73
6,8,425.97
163,5,838.72
4,6,967.46
1,8,716.71
67,4,1073.05
9,4,1278.09
40,3,1524.82
50,2,691.18
59,4,828.46
144,3,524.53
11,4,662.27
38,2,3040.17
4,6,365.37
16,2,1450.12
57,3,779.24
14,4,623.88
27,4,656.92
22,3,111.89
32,7,647.95
109,6,344.58
2,3,454.21
26,2,1103.26
60,6,930.11
20,7,1336.88
3,6,816.92
25,7,936.06
13,5,825.18
6,8,663.07
57,4,1514.25
23,4,1494.11
82,4,1348.2
50,5,697.94
36,5,718.87
1,5,1313.29
17,5,1193.35
7,4,301.72
73,5,1729.94
6,5,986.33
11,6,460.41
22,4,535.37
10,5,1423.62
8,6,1066.85
28,3,1949.5
3,3,1925.24
2,6,1729.15
14,6,788.06
39,4,1401.89
25,7,2622.17
17,7,580.61
26,5,964.56
14,6,283.27
83,3,1045.74
2,4,108.71
34,6,177.97
67,3,1882.67
49,7,257.0
7,5,1241.39
11,6,858.1
38,4,745.16
3,8,721.07
51,4,563.06
39,3,975.04
40,3,501.49
4,5,502.76
38,5,716.11
35,2,413.85
54,5,100.42
2,4,1242.53
1,5,1654.47
15,6,1094.27
5,9,275.41
25,2,70.91
75,5,423.4
15,4,764.15
56,2,169.86
1,6,1355.36
6,6,286.03
1,4,1201.62
12,2,443.26
72,8,665.78
4,8,982.46
28,6,452.34
19,9,783.87
84,6,1972.14
4,5,630.59
8,7,656.53
1,6,628.62
18,4,837.59
10,3,1089.45
62,6,1350.83
28,4,1062.25
29,5,523.86
23,6,646.67
3,4,419.74
18,6,379.52
229,6,229.13
55,5,552.56
68,5,568.02
52,3,838.55
4,5,1054.22
8,5,839.11
1,2,487.6
11,4,1465.47
4,4,98.39
20,5,476.54
34,4,1265.24
63,6,449.06
42,2,510.47
84,11,209.06
2,4,1570.85
1,9,658.89
33,3,753.32
11,3,768.91
9,6,572.86
13,4,1089.35
10,8,1000.47
22,3,781.54
18,7,337.06
22,6,301.73
34,5,948.21
15,4,281.39
9,2,753.89
6,1,621.01
13,7,799.68
41,5,408.34
43,6,1607.79
33,6,2291.64
8,2,291.74
27,7,247.02
26,5,232.88
20,4,276.34
24,7,255.23
21,5,1609.51
26,6,546.8
38,5,214.35
4,6,347.4
42,3,1171.86
5,6,631.68
3,3,792.13
112,6,770.22
95,3,161.23
2,4,398.27
18,3,521.18
7,3,287.42
20,5,1622.21
54,3,516.29
91,7,322.4
31,9,2419.58
14,6,564.68
28,5,258.49
12,1,93.05
73,5,1017.32
62,6,628.08
25,8,1471.54
12,11,737.96
11,7,2521.86
2,4,906.69
51,7,871.29
18,4,179.02
12,4,429.32
20,3,2464.89
52,5,1822.22
4,9,1245.21
59,6,831.14
69,3,421.99
88,3,1210.27
16,6,227.63
8,5,201.31
15,4,1634.92
13,6,306.85
6,5,966.03
29,4,1064.28
20,7,2096.05
61,6,736.79
1,3,633.4
31,6,415.41
44,4,1495.67
43,4,412.72
66,5,1725.72
40,10,798.49
79,1,1118.31
13,3,168.97
21,5,806.2
1,8,3093.55
1,5,957.46
9,3,330.62
4,5,2563.79
10,6,303.07
6,3,1179.8
1,6,415.58
73,5,551.07
1,4,944.57
40,4,1265.85
5,7,739.73
73,4,728.66
67,6,975.32
32,4,390.12
34,7,748.78
1,6,331.8
126,5,1620.74
64,8,2236.59
68,5,659.83
33,4,1120.07
13,5,714.57
68,5,349.68
11,6,942.51
25,5,1272.55
4,9,450.62
77,5,1585.01
5,8,379.24
8,8,1157.8
25,10,1107.29
44,7,1285.99
29,7,256.18
8,9,231.91
1,6,525.47
43,4,2119.16
127,7,112.63
50,3,1226.29
19,4,1428.42
71,8,1466.81
16,7,390.3
23,3,100.58
20,2,2363.49
18,2,322.78
45,4,1399.63
23,4,868.83
12,2,1579.1
9,4,754.89
2,6,818.37
27,4,485.99
8,5,929.85
5,4,546.81
32,5,316.91
35,8,373.2
42,4,1190.36
22,2,787.95
68,4,1446.45
83,4,305.47
50,3,1282.17
31,5,384.41
11,4,1913.5
123,7,662.37
10,5,264.86
7,5,483.66
18,4,411.61
2,5,1705.24
116,4,848.92
27,9,1297.49
25,8,1184.29
32,5,2258.48
21,3,992.46
1,4,640.1
29,3,357.47
38,8,356.83
17,2,222.25
43,2,259.93
8,3,457.58
8,5,351.1
6,3,1370.77
14,4,295.58
57,7,789.57
53,5,500.18
15,14,1145.57
27,7,426.59
39,4,576.71
9,6,224.34
6,6,667.46
108,6,916.41
29,6,426.58
120,6,906.73
13,8,276.97
37,7,575.51
8,7,894.99
10,2,501.86
22,8,1393.82
12,6,765.0
6,6,592.0
10,4,1010.31
2,3,1501.22
37,5,371.25
21,4,933.61
3,3,908.93
6,6,999.12
4,4,632.91
29,9,1693.37
3,7,581.9
43,6,699.79
1,10,1414.72
9,6,343.11
67,6,1552.11
39,2,1990.56
3,5,322.16
52,3,67.9
21,4,958.78
57,4,1217.05
28,5,904.8
35,8,1725.25
152,6,1283.52
8,2,1034.73
30,6,456.66
19,8,465.81
2,4,1140.2
1,4,3817.64
4,6,1000.31
32,3,248.28
26,4,1080.48
25,3,1048.85
1,5,1435.32
20,4,564.36
78,5,91.55
16,3,638.16
30,4,1166.64
46,1,569.95
46,4,1262.86
22,6,1270.74
59,4,1401.72
15,6,409.65
66,7,381.8
9,8,1518.13
10,4,426.59
2,9,364.64
48,2,668.26
17,4,798.57
8,3,524.41
8,4,660.5
70,5,220.76
54,3,219.62
25,5,1212.71
29,6,428.27
20,5,1208.58
15,8,991.08
75,5,66.46
5,4,1458.72
17,4,1050.8
13,1,813.13
21,4,1400.64
19,5,480.69
22,5,726.08
5,7,95.02
22,5,1266.97
9,5,159.27
7,6,436.04
3,3,791.21
44,7,2301.34
17,4,414.45
30,4,848.4
40,4,1114.83
35,8,1486.28
20,7,1299.66
15,6,1110.62
15,5,267.87
31,6,754.22
21,5,422.16
57,5,751.79
63,4,410.26
6,4,384.55
5,4,1211.3
30,5,548.58
11,8,539.98
1,3,187.37
66,5,1479.07
8,7,1500.55
80,5,127.42
38,6,1848.75
44,3,270.71
7,5,1750.66
9,7,1125.44
23,6,761.56
6,3,389.55
11,7,1550.52
12,7,1158.74
6,4,979.23
7,7,1257.07
47,3,556.62
6,7,1138.69
1,7,783.3
30,6,438.01
112,11,410.75
13,6,1331.06
4,6,377.63
26,4,233.19
72,2,679.95
46,8,2961.89
30,5,1023.76
12,3,419.64
24,4,881.12
3,4,1911.89
35,4,1021.8
39,6,1367.46
101,6,1176.8
10,4,832.47
1,8,1067.5
24,6,1047.27
37,3,618.01
47,4,232.12
7,6,1231.36
10,5,1350.9
22,6,559.07
13,7,401.36
60,2,836.71
20,9,510.37
49,2,825.8
27,9,1189.63
45,7,763.23
13,3,958.9
54,6,615.31
10,5,325.41
24,5,808.52
8,3,429.12
20,3,185.81
12,3,832.95
10,6,409.43
103,8,204.0
6,6,1641.49
47,2,875.07
125,3,1700.03
1,1,379.96
37,4,241.03
9,5,303.83
2,6,844.33
16,6,1828.61
83,3,834.59
1,4,391.11
27,6,793.03
21,6,785.19
62,2,1058.54
3,6,1461.91
35,5,557.83
35,8,616.23
34,6,391.45
86,9,851.96
52,2,1514.61
2,5,1081.27
20,5,697.53
16,4,200.38
12,3,980.12
19,5,342.54
15,6,348.38
17,8,382.4
117,6,744.34
3,5,624.18
77,2,1353.54
20,6,190.87
30,4,425.88
54,5,273.93
14,7,817.0
17,3,246.34
16,6,428.91
15,5,466.81
78,5,3041.67
53,8,1514.03
4,6,222.34
4,9,1498.16
17,4,692.72
4,1,1266.2
29,3,1879.18
5,6,208.04
23,2,456.21
1,3,532.24
12,5,376.28
34,6,152.83
20,6,1105.45
115,4,347.68
63,6,1213.33
14,7,1064.82
2,2,889.95
57,7,677.13
73,3,1116.53
52,4,613.39
5,7,588.71
186,6,581.09
9,5,219.98
39,3,1878.22
72,8,966.69
9,4,888.14
72,4,416.4
12,5,873.48
113,6,486.27
10,3,586.66
93,3,1139.57
2,6,404.3
38,6,1407.86
23,3,259.11
20,4,502.44
8,6,1020.01
37,5,1193.44
7,3,90.1
25,1,381.65
9,8,1979.08
94,7,437.58
1,7,232.4
7,6,340.07
9,3,370.13
17,4,241.45
8,5,209.07
21,5,1709.01
62,3,1535.15
38,2,1592.54
27,5,654.26
3,10,736.97
36,7,1537.64
6,3,391.6
47,4,1650.09
9,4,97.23
17,7,676.6
13,5,705.26
59,6,1461.95
5,7,1228.36
26,8,1406.16
5,3,200.7
37,6,1894.18
71,4,1360.27
18,5,598.06
21,7,468.83
79,2,631.31
23,8,817.82
21,4,1017.78
26,2,313.18
36,6,385.7
4,7,381.91
52,6,1015.08
18,5,563.98
3,8,776.87
47,4,954.81
15,4,741.95
4,5,761.58
31,4,252.02
64,2,1338.63
66,6,693.45
95,4,870.15
61,3,599.89
1,2,481.98
15,6,671.96
52,4,651.82
14,3,268.56
28,9,687.67
28,3,2848.54
14,5,1149.61
71,3,305.84
21,8,269.87
19,9,933.55
180,7,428.22
21,6,711.41
6,5,1346.57
22,6,717.5
51,5,671.2
45,7,750.59
47,4,1350.98
37,8,566.8
9,8,523.11
60,5,245.38
68,5,1452.79
7,3,384.78
5,13,228.44
112,5,507.0
61,4,244.85
68,5,432.86
66,4,807.12
24,5,1535.18
32,5,1290.1
24,6,236.09
2,10,320.02
42,5,1032.84
22,6,371.01
32,3,649.94
21,6,1272.48
21,5,935.06
6,2,1588.01
10,6,236.9
6,6,650.7
7,7,118.6
109,6,543.73
5,3,360.38
10,8,344.2
27,4,340.2
29,3,976.11
6,3,887.43
48,8,411.96
47,6,921.15
9,2,749.44
11,4,388.55
84,8,252.76
53,9,493.0
36,5,579.42
3,3,1434.13
17,5,494.2
25,5,1378.24
7,2,326.89
18,3,1694.08
28,3,1777.85
12,3,624.01
46,5,533.67
56,10,321.29
12,7,521.8
55,3,478.8
4,10,1501.17
55,7,828.52
5,7,1142.51
3,3,427.19
31,4,477.77
20,5,112.91
72,2,547.66
14,7,363.83
11,4,2026.68
21,8,1268.96
19,5,374.49
13,8,261.86
36,6,871.06
43,3,918.47
58,6,229.71
109,5,826.27
10,3,1585.91
38,4,933.72
16,8,599.13
34,6,536.14
20,4,559.32
153,5,267.89
40,8,1604.61
92,4,981.61
55,2,231.33
70,4,448.04
51,4,414.41
19,8,2083.84
9,5,480.96
14,5,184.28
1,9,375.09
23,4,1410.44
22,3,642.33
23,5,555.77
110,8,539.95
73,3,387.3
6,2,1004.2
14,6,1030.8
17,2,227.3
14,5,195.07
49,4,322.28
23,3,784.95
26,4,530.7
58,8,74.5
50,4,616.02
5,5,622.46
38,2,261.27
18,3,2215.35
11,4,700.94
2,6,533.29
21,6,464.38
14,8,941.61
9,8,346.35
36,6,957.95
45,7,2148.66
9,6,224.38
2,2,770.11
57,3,643.3
1,6,196.43
83,9,1771.31
30,6,286.83
12,6,666.95
9,4,397.44
1,4,381.99
9,5,1360.55
5,11,1027.21
29,1,570.95
6,4,415.47
23,5,194.36
27,4,1650.59
11,2,241.55
2,6,1516.67
